trade_date,ts_code,trade_date,open,high,low,close,pre_close,change,pct_chg,vol,amount
20181228,002304.SZ,20181228,93.0,95.34,92.01,94.72,92.5,2.22,2.4,53101.65,498403.849
20181227,002304.SZ,20181227,94.2,94.77,92.5,92.5,92.94,-0.44,-0.4734,45546.11,426467.741
20181226,002304.SZ,20181226,93.01,94.49,92.67,92.94,93.62,-0.68,-0.7263,26033.37,242788.766
20181225,002304.SZ,20181225,91.93,93.65,91.89,93.62,93.5,0.12,0.1283,28856.39,267525.553
20181224,002304.SZ,20181224,93.0,94.7,91.63,93.5,93.5,0.0,0.0,27834.85,259574.3
20181221,002304.SZ,20181221,94.39,94.6,91.69,93.5,95.0,-1.5,-1.5789,54959.97,509342.841
20181220,002304.SZ,20181220,97.0,97.39,94.2,95.0,97.7,-2.7,-2.7636,43657.46,415128.877
20181219,002304.SZ,20181219,98.41,99.6,97.4,97.7,98.79,-1.09,-1.1034,34600.47,339747.672
20181218,002304.SZ,20181218,97.9,99.28,97.51,98.79,99.28,-0.49,-0.4936,33695.33,331401.421
20181217,002304.SZ,20181217,98.05,99.7,97.0,99.28,101.1,-1.82,-1.8002,50146.94,493594.619
20181214,002304.SZ,20181214,101.49,102.4,100.0,101.1,102.22,-1.12,-1.0957,29297.05,296212.501
20181213,002304.SZ,20181213,99.49,102.8,98.95,102.22,99.44,2.78,2.7957,46848.01,475860.006
20181212,002304.SZ,20181212,101.33,101.34,98.58,99.44,99.35,0.09,0.0906,26996.67,268155.434
20181211,002304.SZ,20181211,98.4,99.88,98.2,99.35,98.4,0.95,0.9654,38177.97,378659.508
20181210,002304.SZ,20181210,100.5,101.77,97.79,98.4,102.28,-3.88,-3.7935,43491.58,430939.635
20181207,002304.SZ,20181207,100.31,103.47,100.31,102.28,99.92,2.36,2.3619,38128.24,389324.484
20181206,002304.SZ,20181206,101.94,103.3,99.6,99.92,104.01,-4.09,-3.9323,40633.67,410191.9
20181205,002304.SZ,20181205,102.3,105.33,102.0,104.01,103.8,0.21,0.2023,46125.16,480305.251
20181204,002304.SZ,20181204,103.5,104.55,102.18,103.8,103.37,0.43,0.416,34713.98,359145.2
20181203,002304.SZ,20181203,104.0,105.52,102.31,103.37,100.18,3.19,3.1843,80720.95,838639.476
20181130,002304.SZ,20181130,98.55,101.07,97.0,100.18,97.55,2.63,2.6961,75626.64,756742.028
20181129,002304.SZ,20181129,98.45,100.61,97.49,97.55,96.91,0.64,0.6604,48825.73,482998.925
20181128,002304.SZ,20181128,94.55,96.98,93.88,96.91,93.5,3.41,3.6471,39898.93,382355.882
20181127,002304.SZ,20181127,95.47,95.47,92.7,93.5,94.54,-1.04,-1.1001,24711.04,231788.947
20181126,002304.SZ,20181126,96.5,96.5,94.2,94.54,95.5,-0.96,-1.0052,24776.14,236068.857
20181123,002304.SZ,20181123,97.9,98.0,95.26,95.5,97.68,-2.18,-2.2318,26273.79,252618.867
20181122,002304.SZ,20181122,97.5,98.0,96.4,97.68,97.04,0.64,0.6595,34511.98,336143.501
20181121,002304.SZ,20181121,93.9,98.08,93.58,97.04,95.53,1.51,1.5807,49454.6,480117.645
20181120,002304.SZ,20181120,97.0,97.0,95.53,95.53,97.9,-2.37,-2.4208,27694.16,266010.17
20181119,002304.SZ,20181119,95.28,98.54,94.9,97.9,95.55,2.35,2.4594,59610.4,578107.907
20181116,002304.SZ,20181116,94.97,96.88,94.35,95.55,95.08,0.47,0.4943,54502.22,520007.349
20181115,002304.SZ,20181115,94.3,95.36,93.93,95.08,94.38,0.7,0.7417,47295.14,447761.212
20181114,002304.SZ,20181114,97.33,97.33,93.7,94.38,97.43,-3.05,-3.1305,75570.72,715497.221
20181113,002304.SZ,20181113,91.9,98.68,91.5,97.43,93.37,4.06,4.3483,85218.82,811450.654
20181112,002304.SZ,20181112,93.84,93.9,91.0,93.37,94.94,-1.57,-1.6537,58587.71,542417.527
20181109,002304.SZ,20181109,93.47,95.49,93.13,94.94,95.1,-0.16,-0.1682,33275.42,314448.397
20181108,002304.SZ,20181108,96.7,97.38,94.97,95.1,95.42,-0.32,-0.3354,50351.57,484320.917
20181107,002304.SZ,20181107,96.01,97.36,94.1,95.42,95.55,-0.13,-0.1361,45550.24,435545.507
20181106,002304.SZ,20181106,97.5,97.5,93.6,95.55,97.66,-2.11,-2.1606,56588.17,536538.526
20181105,002304.SZ,20181105,100.0,100.0,94.86,97.66,100.68,-3.02,-2.9996,102625.55,987389.509
20181102,002304.SZ,20181102,97.76,102.8,96.12,100.68,94.24,6.44,6.8336,130568.22,1296011.678
20181101,002304.SZ,20181101,90.98,96.8,90.1,94.24,88.39,5.85,6.6184,152077.28,1426460.687
20181031,002304.SZ,20181031,85.38,88.88,84.73,88.39,84.8,3.59,4.2335,120095.93,1044790.956
20181030,002304.SZ,20181030,83.0,87.0,81.88,84.8,86.4,-1.6,-1.8519,215068.55,1807432.027
20181029,002304.SZ,20181029,89.5,89.6,86.4,86.4,96.0,-9.6,-10.0,96005.85,838652.34
20181026,002304.SZ,20181026,102.0,102.87,95.02,96.0,101.2,-5.2,-5.1383,117077.67,1143329.3
20181025,002304.SZ,20181025,100.5,101.85,98.4,101.2,104.25,-3.05,-2.9257,95033.43,954339.444
20181024,002304.SZ,20181024,106.99,107.7,101.89,104.25,109.9,-5.65,-5.141,149444.31,1557821.754
20181023,002304.SZ,20181023,122.0,122.0,109.43,109.9,121.59,-11.69,-9.6143,153997.32,1739816.433
20181022,002304.SZ,20181022,119.0,123.67,118.81,121.59,115.95,5.64,4.8642,59009.56,716512.068
20181019,002304.SZ,20181019,108.35,116.99,108.35,115.95,109.51,6.44,5.8807,60787.27,689012.528
20181018,002304.SZ,20181018,110.94,112.94,107.5,109.51,112.96,-3.45,-3.0542,51916.06,572970.86
20181017,002304.SZ,20181017,115.4,116.0,109.0,112.96,113.59,-0.63,-0.5546,46166.64,519124.326
20181016,002304.SZ,20181016,112.25,115.45,111.51,113.59,112.27,1.32,1.1757,37995.06,432723.384
20181015,002304.SZ,20181015,115.96,116.02,111.35,112.27,115.37,-3.1,-2.687,53564.44,608153.578
20181012,002304.SZ,20181012,111.75,117.01,111.75,115.37,111.0,4.37,3.9369,90649.36,1032670.505
20181011,002304.SZ,20181011,108.3,114.6,107.9,111.0,113.5,-2.5,-2.2026,90387.41,1005745.665
20181010,002304.SZ,20181010,120.53,121.1,112.8,113.5,121.0,-7.5,-6.1983,98442.02,1144748.526
20181009,002304.SZ,20181009,121.0,122.23,119.16,121.0,120.95,0.05,0.0413,50151.33,605291.1
20181008,002304.SZ,20181008,124.6,125.48,118.93,120.95,128.0,-7.05,-5.5078,74930.06,911084.437
20180928,002304.SZ,20180928,127.49,129.5,124.62,128.0,127.57,0.43,0.3371,42745.98,543034.039
20180927,002304.SZ,20180927,127.5,128.0,124.95,127.57,127.5,0.07,0.0549,54028.01,681031.017
20180926,002304.SZ,20180926,123.17,130.29,122.6,127.5,121.9,5.6,4.5939,82213.74,1046222.999
20180925,002304.SZ,20180925,124.6,125.52,121.21,121.9,124.8,-2.9,-2.3237,34356.3,421782.577
20180921,002304.SZ,20180921,117.9,125.77,117.9,124.8,117.3,7.5,6.3939,57278.93,700185.314
20180920,002304.SZ,20180920,118.09,119.3,115.81,117.3,118.1,-0.8,-0.6774,37872.76,445626.603
20180919,002304.SZ,20180919,113.0,119.5,112.59,118.1,113.52,4.58,4.0345,55181.53,647253.918
20180918,002304.SZ,20180918,110.0,114.5,109.54,113.52,111.9,1.62,1.4477,54569.84,614682.753
20180917,002304.SZ,20180917,107.65,112.0,106.7,111.9,107.65,4.25,3.948,50152.25,554945.505
20180914,002304.SZ,20180914,105.02,109.6,103.71,107.65,104.4,3.25,3.113,58760.6,629449.942
20180913,002304.SZ,20180913,106.85,107.35,102.5,104.4,105.0,-0.6,-0.5714,64544.16,675002.273
20180912,002304.SZ,20180912,107.2,108.1,103.91,105.0,108.4,-3.4,-3.1365,39744.09,419121.283
20180911,002304.SZ,20180911,108.37,110.08,107.08,108.4,109.04,-0.64,-0.5869,28285.98,306357.389
20180910,002304.SZ,20180910,110.0,110.21,106.28,109.04,110.33,-1.29,-1.1692,35753.04,385995.785
20180907,002304.SZ,20180907,110.26,112.8,108.5,110.33,109.2,1.13,1.0348,62961.3,696910.115
20180906,002304.SZ,20180906,113.3,114.77,108.2,109.2,114.93,-5.73,-4.9856,57047.42,632443.871
20180905,002304.SZ,20180905,114.88,116.39,113.56,114.93,115.07,-0.14,-0.1217,40408.51,463754.927
20180904,002304.SZ,20180904,114.2,115.68,112.88,115.07,113.85,1.22,1.0716,48964.19,560788.695
20180903,002304.SZ,20180903,113.5,114.79,112.0,113.85,115.33,-1.48,-1.2833,37550.72,426102.117
20180831,002304.SZ,20180831,116.0,116.0,112.01,115.33,116.0,-0.67,-0.5776,63263.91,720689.198
20180830,002304.SZ,20180830,115.0,118.9,114.7,116.0,113.0,3.0,2.6549,84972.3,990949.129
20180829,002304.SZ,20180829,114.88,115.0,111.2,113.0,113.58,-0.58,-0.5107,37982.16,427471.757
20180828,002304.SZ,20180828,115.5,116.37,112.3,113.58,115.2,-1.62,-1.4063,53759.34,613414.238
20180827,002304.SZ,20180827,110.0,115.3,108.93,115.2,108.85,6.35,5.8337,83498.74,941330.392
20180824,002304.SZ,20180824,111.9,111.9,108.05,108.85,112.0,-3.15,-2.8125,43505.09,475735.939
20180823,002304.SZ,20180823,112.98,113.58,109.84,112.0,111.71,0.29,0.2596,31888.59,356928.988
20180822,002304.SZ,20180822,113.0,113.93,111.08,111.71,113.6,-1.89,-1.6637,25045.88,280753.3
20180821,002304.SZ,20180821,110.0,114.25,108.93,113.6,108.5,5.1,4.7005,43165.67,484597.675
20180820,002304.SZ,20180820,107.13,108.58,105.5,108.5,105.1,3.4,3.235,54123.36,580839.147
20180817,002304.SZ,20180817,106.48,107.5,104.85,105.1,104.24,0.86,0.825,69431.65,736686.962
20180816,002304.SZ,20180816,108.08,111.7,103.88,104.24,109.7,-5.46,-4.9772,80544.12,861283.279
20180815,002304.SZ,20180815,115.8,115.9,109.14,109.7,115.4,-5.7,-4.9393,49435.7,550827.993
20180814,002304.SZ,20180814,113.53,116.77,113.53,115.4,113.2,2.2,1.9435,42159.38,484767.078
20180813,002304.SZ,20180813,115.33,115.73,110.59,113.2,116.47,-3.27,-2.8076,46800.09,526748.242
20180810,002304.SZ,20180810,116.58,119.09,115.55,116.47,116.9,-0.43,-0.3678,25781.86,301771.923
20180809,002304.SZ,20180809,112.0,117.98,111.5,116.9,113.44,3.46,3.0501,40307.83,465719.263
20180808,002304.SZ,20180808,116.49,116.49,111.5,113.44,117.2,-3.76,-3.2082,47375.16,536843.706
20180807,002304.SZ,20180807,114.0,117.48,111.03,117.2,113.83,3.37,2.9606,63198.07,720740.578
20180806,002304.SZ,20180806,118.65,118.65,113.11,113.83,117.63,-3.8,-3.2305,34254.53,396237.342
20180803,002304.SZ,20180803,120.0,120.5,116.0,117.63,119.4,-1.77,-1.4824,34133.91,404447.203
20180802,002304.SZ,20180802,125.5,125.5,117.25,119.4,125.3,-5.9,-4.7087,53229.89,642961.476
20180801,002304.SZ,20180801,129.47,130.35,125.0,125.3,128.35,-3.05,-2.3763,28339.53,360304.263
20180731,002304.SZ,20180731,131.01,131.42,128.35,128.35,132.43,-4.08,-3.0809,31915.23,413505.972
20180730,002304.SZ,20180730,133.58,134.1,129.17,132.43,134.11,-1.68,-1.2527,37027.3,482289.701
20180727,002304.SZ,20180727,130.05,135.48,130.05,134.11,130.65,3.46,2.6483,43350.62,580216.622
20180726,002304.SZ,20180726,134.22,134.22,130.05,130.65,134.22,-3.57,-2.6598,28322.17,373964.243
20180725,002304.SZ,20180725,134.0,135.16,133.03,134.22,133.81,0.41,0.3064,32577.66,436802.515
20180724,002304.SZ,20180724,130.1,134.11,128.5,133.81,129.9,3.91,3.01,35993.19,476101.249
20180723,002304.SZ,20180723,131.81,132.5,129.0,129.9,132.26,-2.36,-1.7844,28100.86,367548.445
20180720,002304.SZ,20180720,132.01,133.5,130.12,132.26,131.53,0.73,0.555,47982.7,633638.773
20180719,002304.SZ,20180719,132.31,133.37,130.32,131.53,132.4,-0.87,-0.66,29386.3,387282.634
20180718,002304.SZ,20180718,135.99,136.74,131.9,132.4,136.0,-3.6,-2.65,27763.27,371483.365
20180717,002304.SZ,20180717,137.29,137.29,133.58,136.0,136.78,-0.78,-0.57,27130.84,366555.472
20180716,002304.SZ,20180716,136.01,139.5,135.6,136.78,136.0,0.78,0.57,38581.22,527675.673
20180713,002304.SZ,20180713,132.95,136.66,131.03,136.0,132.5,3.5,2.64,43406.35,583527.746
20180712,002304.SZ,20180712,129.21,132.79,128.69,132.5,128.81,3.69,2.86,28277.86,371697.672
20180711,002304.SZ,20180711,126.9,130.99,126.9,128.81,131.54,-2.73,-2.08,28287.03,364683.03
20180710,002304.SZ,20180710,132.2,133.95,129.13,131.54,132.03,-0.49,-0.37,35996.25,471881.705
20180709,002304.SZ,20180709,130.9,132.88,128.0,132.03,128.36,3.67,2.86,39314.12,513569.902
20180706,002304.SZ,20180706,128.5,130.03,125.07,128.36,126.3,2.06,1.63,38131.23,488592.359
20180705,002304.SZ,20180705,126.1,130.78,125.9,126.3,125.82,0.48,0.38,39120.5,499682.737
20180704,002304.SZ,20180704,126.5,129.77,125.01,125.82,125.1,0.72,0.58,65103.68,831611.006
20180703,002304.SZ,20180703,131.34,132.6,120.06,125.1,132.97,-7.87,-5.92,97734.21,1226277.433
20180702,002304.SZ,20180702,131.8,136.63,130.04,132.97,131.6,1.37,1.04,33289.55,444597.423
20180629,002304.SZ,20180629,129.89,133.38,126.0,131.6,128.2,3.4,2.65,36627.61,478174.75
20180628,002304.SZ,20180628,128.0,132.29,124.5,128.2,130.07,-1.87,-1.44,52186.51,673007.551
20180627,002304.SZ,20180627,138.0,140.44,129.52,130.07,138.33,-8.26,-5.97,44333.0,590239.249
20180626,002304.SZ,20180626,141.0,144.95,137.01,138.33,141.5,-3.17,-2.24,46885.83,655357.759
20180625,002304.SZ,20180625,140.0,144.5,139.52,141.5,139.5,2.0,1.43,46560.23,665176.186
20180622,002304.SZ,20180622,139.0,140.3,137.0,139.5,140.44,-0.94,-0.67,27039.47,375299.968
20180621,002304.SZ,20180621,143.41,143.89,139.58,140.45,143.43,-3.03,-2.08,45935.98,661777.73
20180620,002304.SZ,20180620,136.98,143.58,136.53,143.43,135.75,7.82,5.66,55587.2,794895.761
20180619,002304.SZ,20180619,139.13,141.83,134.66,135.75,140.46,-4.8,-3.36,44894.92,630638.762
20180615,002304.SZ,20180615,142.01,142.92,139.77,140.46,140.66,-0.2,-0.14,38767.67,557127.541
20180614,002304.SZ,20180614,144.88,146.16,138.99,140.66,144.5,-3.91,-2.66,38895.43,561876.931
20180613,002304.SZ,20180613,146.28,147.14,142.87,144.5,146.84,-2.39,-1.6,36505.96,537386.831
20180612,002304.SZ,20180612,139.18,147.02,138.68,146.84,138.0,9.0,6.41,54438.55,795336.762
20180611,002304.SZ,20180611,139.28,140.71,136.43,138.0,139.28,-1.3,-0.92,38937.55,549299.66
20180608,002304.SZ,20180608,141.87,142.41,135.56,139.28,143.29,-4.08,-2.8,49540.93,700098.517
20180607,002304.SZ,20180607,143.31,144.85,140.47,143.29,141.44,1.88,1.31,39635.41,575317.593
20180606,002304.SZ,20180606,138.89,145.8,138.89,141.44,139.8,1.67,1.17,45605.04,663312.787
20180605,002304.SZ,20180605,138.89,142.41,136.64,139.8,138.84,0.98,0.69,34856.48,498475.193
20180604,002304.SZ,20180604,138.1,139.85,135.25,138.84,137.3,1.57,1.12,39395.04,554379.316
20180601,002304.SZ,20180601,140.07,141.03,135.35,137.3,141.13,-3.9,-2.71,37916.13,530438.565
20180531,002304.SZ,20180531,137.01,142.42,134.45,141.13,136.48,4.73,3.4,63125.8,893574.237
20180530,002304.SZ,20180530,132.29,137.71,130.74,136.48,133.37,3.17,2.33,52063.66,719077.006
20180529,002304.SZ,20180529,132.28,139.66,132.28,133.37,133.93,-0.57,-0.42,59136.34,822081.621
20180528,002304.SZ,20180528,126.71,134.66,126.41,133.93,126.71,7.35,5.7,55544.58,745364.9
20180525,002304.SZ,20180525,124.2,129.46,124.2,126.71,123.76,3.0,2.38,50482.49,656908.579
20180524,002304.SZ,20180524,125.49,126.2,123.05,123.76,124.95,-1.21,-0.95,25426.53,322774.234
20180523,002304.SZ,20180523,126.3,127.26,124.79,124.95,127.02,-2.11,-1.63,25137.72,322179.519
20180522,002304.SZ,20180522,127.47,127.68,123.52,127.02,126.71,0.32,0.25,25710.57,329288.735
20180521,002304.SZ,20180521,127.98,129.12,125.62,126.71,127.21,-0.51,-0.39,31522.09,406738.067
20180518,002304.SZ,20180518,128.69,129.15,122.31,127.21,128.38,-1.19,-0.91,38335.05,490486.052
20180517,002304.SZ,20180517,129.0,129.66,127.41,128.38,128.87,-0.5,-0.38,28784.8,376760.514
20180516,002304.SZ,20180516,130.52,131.88,127.78,128.87,130.64,-1.8,-1.35,29504.06,390234.229
20180515,002304.SZ,20180515,129.85,130.83,126.86,130.64,129.66,1.0,0.76,35181.44,462437.256
20180514,002304.SZ,20180514,129.21,130.91,127.89,129.66,127.69,2.0,1.54,33238.55,438823.65
20180511,002304.SZ,20180511,129.24,131.94,125.41,127.69,127.7,-0.01,-0.01,45248.79,589391.087
20180510,002304.SZ,20180510,127.32,130.81,127.3,127.7,128.28,-0.59,-0.45,42544.54,556000.222
20180509,002304.SZ,20180509,129.16,129.16,126.68,128.28,129.18,-0.92,-0.7,27706.45,360437.027
20180508,002304.SZ,20180508,128.12,132.11,126.35,129.18,128.65,0.54,0.41,65692.57,861855.182
20180507,002304.SZ,20180507,121.95,128.98,121.81,128.65,121.81,6.97,5.62,64657.26,836293.318
20180504,002304.SZ,20180504,119.34,123.27,118.85,121.81,119.84,2.0,1.64,58239.64,724023.239
20180503,002304.SZ,20180503,114.33,120.35,112.08,119.84,113.98,5.97,5.14,46118.16,546547.022
20180502,002304.SZ,20180502,112.02,114.87,110.37,113.98,110.17,3.88,3.46,45790.06,529483.546
20180427,002304.SZ,20180427,112.96,114.92,109.91,110.17,108.78,1.41,1.27,68252.95,779015.217
20180426,002304.SZ,20180426,111.75,111.77,108.64,108.78,110.99,-2.25,-1.99,15732.25,175303.759
20180425,002304.SZ,20180425,111.59,112.76,110.63,110.99,112.29,-1.32,-1.15,23365.55,265234.654
20180424,002304.SZ,20180424,109.22,112.86,109.22,112.29,109.02,3.33,3.0,30667.45,349979.764
20180423,002304.SZ,20180423,110.5,111.69,107.95,109.02,110.01,-1.01,-0.9,29429.89,328444.313
20180420,002304.SZ,20180420,108.04,112.34,107.06,110.01,107.73,2.32,2.12,38725.25,435155.217
20180419,002304.SZ,20180419,107.06,109.62,105.65,107.73,105.91,1.85,1.72,26195.95,287713.195
20180418,002304.SZ,20180418,104.38,108.02,104.03,105.91,104.32,1.62,1.53,30561.02,328718.574
20180417,002304.SZ,20180417,107.87,109.32,103.24,104.32,107.87,-3.61,-3.29,28205.29,308882.572
20180416,002304.SZ,20180416,107.06,108.25,106.15,107.87,106.16,1.74,1.61,32098.94,351729.814
20180413,002304.SZ,20180413,108.82,109.35,105.64,106.16,107.76,-1.63,-1.49,28907.48,314111.79
20180412,002304.SZ,20180412,108.78,108.87,106.31,107.76,108.17,-0.42,-0.38,20791.82,227340.859
20180411,002304.SZ,20180411,110.5,111.47,107.93,108.17,110.29,-2.15,-1.91,27237.44,303611.178
20180410,002304.SZ,20180410,109.57,110.57,107.02,110.29,107.91,2.42,2.2,38453.46,425365.328
20180409,002304.SZ,20180409,109.32,111.72,107.27,107.91,109.46,-1.58,-1.42,41136.44,455686.499
20180404,002304.SZ,20180404,102.8,111.86,102.8,109.46,102.32,7.27,6.98,75528.52,830607.726
20180403,002304.SZ,20180403,102.84,105.79,101.96,102.32,103.13,-0.83,-0.79,47662.67,503159.935
20180402,002304.SZ,20180402,104.39,105.93,102.94,103.13,106.07,-2.99,-2.77,34947.72,370513.67
20180330,002304.SZ,20180330,105.62,108.05,104.01,106.07,105.93,0.14,0.13,32953.89,356436.997
20180329,002304.SZ,20180329,99.26,106.02,97.47,105.93,98.71,7.35,7.31,61270.97,635347.752
20180328,002304.SZ,20180328,103.78,104.61,98.34,98.71,105.28,-6.68,-6.23,47424.09,487166.116
20180327,002304.SZ,20180327,104.72,105.71,103.69,105.28,103.24,2.07,1.97,43136.69,460061.324
20180326,002304.SZ,20180326,105.34,105.69,102.15,103.24,105.34,-2.14,-2.0,44983.87,474716.361
20180323,002304.SZ,20180323,105.1,107.0,103.43,105.34,109.1,-3.82,-3.44,31721.63,340166.495
20180322,002304.SZ,20180322,111.87,111.87,108.73,109.1,111.88,-2.83,-2.48,34325.69,382694.527
20180321,002304.SZ,20180321,110.47,112.95,110.4,111.88,110.4,1.5,1.33,30702.17,349780.952
20180320,002304.SZ,20180320,110.35,111.19,109.4,110.4,110.83,-0.43,-0.38,24804.68,279725.902
20180319,002304.SZ,20180319,111.46,112.61,109.91,110.83,111.03,-0.21,-0.19,28220.88,318595.163
20180316,002304.SZ,20180316,113.15,113.74,110.99,111.03,112.47,-1.46,-1.28,27359.67,312108.458
20180315,002304.SZ,20180315,110.99,113.5,110.99,112.47,111.09,1.4,1.24,36974.33,424448.297
20180314,002304.SZ,20180314,110.22,111.76,109.81,111.09,110.21,0.9,0.8,45153.79,509394.656
20180313,002304.SZ,20180313,112.94,112.94,110.01,110.21,113.42,-3.27,-2.83,50621.84,573387.098
20180312,002304.SZ,20180312,116.77,116.77,111.39,113.42,115.66,-2.28,-1.94,71876.2,821866.853
20180309,002304.SZ,20180309,114.69,115.88,113.9,115.66,114.74,0.93,0.8,32881.97,385682.366
20180308,002304.SZ,20180308,112.37,114.89,110.6,114.74,111.29,3.52,3.11,41298.79,477645.14
20180307,002304.SZ,20180307,112.67,115.4,110.5,111.29,112.96,-1.7,-1.48,45863.64,527974.358
20180306,002304.SZ,20180306,115.5,115.76,108.62,112.96,114.85,-1.93,-1.65,59132.72,672376.394
20180305,002304.SZ,20180305,117.57,119.33,113.94,114.85,117.57,-2.77,-2.31,40051.17,470674.245
20180302,002304.SZ,20180302,117.87,119.31,115.95,117.57,119.13,-1.58,-1.3,20393.21,244753.175
20180301,002304.SZ,20180301,115.9,119.7,114.53,119.13,115.89,3.29,2.79,42581.78,513482.915
20180228,002304.SZ,20180228,117.87,120.99,113.94,115.89,124.95,-9.22,-7.25,130020.18,1548729.527
20180227,002304.SZ,20180227,127.69,127.69,123.77,124.95,126.49,-1.57,-1.22,30546.44,390315.542
20180226,002304.SZ,20180226,129.66,129.66,125.53,126.49,128.48,-2.02,-1.54,34635.22,447911.554
20180223,002304.SZ,20180223,130.15,130.59,126.59,128.48,128.97,-0.5,-0.38,32803.39,428243.098
20180222,002304.SZ,20180222,124.54,129.26,124.32,128.97,122.58,6.5,5.21,43494.18,565317.957
20180214,002304.SZ,20180214,120.83,123.64,120.82,122.58,121.11,1.5,1.22,33352.25,414488.132
20180213,002304.SZ,20180213,123.75,125.71,121.07,121.11,123.38,-2.31,-1.84,47325.31,590581.359
20180212,002304.SZ,20180212,120.92,125.58,120.92,123.38,120.86,2.56,2.08,55317.74,693307.866
20180209,002304.SZ,20180209,119.34,121.6,115.12,120.86,122.77,-1.94,-1.55,50026.65,606226.232
20180208,002304.SZ,20180208,116.69,123.07,115.9,122.77,116.82,6.06,5.1,56317.89,696966.554
20180207,002304.SZ,20180207,120.68,125.59,113.94,116.82,119.61,-2.84,-2.33,70908.99,866928.577
20180206,002304.SZ,20180206,114.92,120.37,113.94,119.61,119.72,-0.12,-0.1,74414.0,900398.209
20180205,002304.SZ,20180205,124.12,124.12,115.04,119.72,126.66,-7.06,-5.48,77021.1,935746.092
20180202,002304.SZ,20180202,126.32,128.79,123.61,126.66,127.41,-0.76,-0.59,32220.19,414073.657
20180201,002304.SZ,20180201,126.24,128.94,124.73,127.41,127.64,-0.24,-0.18,40656.29,523268.637
20180131,002304.SZ,20180131,124.25,128.29,124.25,127.64,122.77,4.96,3.97,43666.06,563302.804
20180130,002304.SZ,20180130,124.72,126.0,121.96,122.77,125.5,-2.78,-2.18,45768.05,577361.04
20180129,002304.SZ,20180129,130.91,131.13,124.75,125.5,129.6,-4.17,-3.16,60272.78,777528.232
20180126,002304.SZ,20180126,129.38,130.09,127.82,129.6,128.43,1.19,0.91,36718.16,483496.452
20180125,002304.SZ,20180125,131.73,132.31,126.97,128.43,130.98,-2.6,-1.95,56545.38,738512.387
20180124,002304.SZ,20180124,133.68,134.06,130.65,130.98,133.86,-2.93,-2.15,46129.82,620537.602
20180123,002304.SZ,20180123,131.5,134.57,129.76,133.86,131.52,2.38,1.78,67902.19,915554.943
20180122,002304.SZ,20180122,130.64,133.09,129.16,131.52,127.68,3.91,3.01,69089.52,920552.157
20180119,002304.SZ,20180119,128.0,129.11,125.82,127.68,128.9,-1.24,-0.94,52231.59,676620.287
20180118,002304.SZ,20180118,127.06,130.75,126.13,128.9,126.68,2.26,1.75,53316.32,697884.322
20180117,002304.SZ,20180117,130.97,132.09,125.29,126.68,131.42,-4.83,-3.61,63628.13,829531.958
20180116,002304.SZ,20180116,131.3,136.04,129.37,131.42,132.61,-1.21,-0.9,65864.79,889512.876
20180115,002304.SZ,20180115,134.08,135.38,131.31,132.61,134.55,-1.97,-1.44,54578.62,740666.011
20180112,002304.SZ,20180112,132.6,134.64,131.13,134.55,133.39,1.18,0.87,50338.25,679683.838
20180111,002304.SZ,20180111,136.42,136.53,130.97,133.39,136.43,-3.1,-2.23,56287.11,764093.454
20180110,002304.SZ,20180110,127.29,136.55,127.29,136.43,128.82,7.75,5.91,74872.73,1016915.736
20180109,002304.SZ,20180109,123.45,131.99,122.84,128.82,124.08,4.83,3.82,69485.12,912684.666
20180108,002304.SZ,20180108,120.03,125.5,119.05,124.08,120.8,3.34,2.72,46252.11,578674.016
20180105,002304.SZ,20180105,119.24,121.31,117.23,120.8,118.85,1.98,1.64,53654.07,652025.02
20180104,002304.SZ,20180104,113.81,119.94,113.31,118.85,113.2,5.75,4.99,71915.93,861547.204
20180103,002304.SZ,20180103,113.86,114.97,112.08,113.2,113.94,-0.75,-0.65,54049.89,626467.504
20180102,002304.SZ,20180102,114.14,114.35,112.22,113.94,112.96,1.0,0.87,36006.7,415867.645
20171229,002304.SZ,20171229,117.75,117.87,112.15,112.96,116.12,-3.22,-2.72,55206.4,642076.398
20171228,002304.SZ,20171228,113.63,117.7,112.08,116.12,111.18,5.03,4.44,73335.59,856633.374
20171227,002304.SZ,20171227,114.04,114.73,110.44,111.18,113.75,-2.62,-2.26,40251.97,458896.014
20171226,002304.SZ,20171226,115.59,116.61,112.96,113.75,116.82,-3.12,-2.62,36248.05,422141.791
20171225,002304.SZ,20171225,116.39,118.29,115.0,116.82,115.17,1.68,1.43,31735.3,375662.147
20171222,002304.SZ,20171222,116.98,118.36,114.63,115.17,116.98,-1.85,-1.55,30183.88,355891.004
20171221,002304.SZ,20171221,115.53,118.45,114.05,116.98,115.85,1.15,0.98,52891.22,627698.503
20171220,002304.SZ,20171220,112.74,116.88,111.35,115.85,111.98,3.94,3.46,58941.9,688487.423
20171219,002304.SZ,20171219,110.51,113.45,110.22,111.98,110.35,1.66,1.48,36930.07,421154.391
20171218,002304.SZ,20171218,111.21,113.23,109.62,110.35,110.11,0.25,0.22,40134.82,454407.097
20171215,002304.SZ,20171215,111.6,113.2,109.67,110.11,112.46,-2.39,-2.09,32927.92,372213.385
20171214,002304.SZ,20171214,113.24,113.48,110.92,112.46,113.07,-0.62,-0.54,25207.18,289063.397
20171213,002304.SZ,20171213,111.29,113.07,109.52,113.07,110.48,2.63,2.34,45309.26,516823.539
20171212,002304.SZ,20171212,109.05,111.55,108.6,110.48,109.03,1.48,1.33,40939.69,460574.642
20171211,002304.SZ,20171211,105.98,109.03,105.98,109.03,106.21,2.87,2.65,44056.21,484891.989
20171208,002304.SZ,20171208,104.59,106.57,103.65,106.21,104.61,1.63,1.53,25160.17,269899.613
20171207,002304.SZ,20171207,106.38,108.06,103.82,104.61,107.06,-2.5,-2.29,24899.97,266159.104
20171206,002304.SZ,20171206,107.75,107.91,104.87,107.06,107.41,-0.35,-0.32,40380.69,436741.26
20171205,002304.SZ,20171205,105.89,108.34,105.12,107.41,105.94,1.49,1.38,50465.6,550250.12
20171204,002304.SZ,20171204,103.24,106.54,101.66,105.94,103.2,2.79,2.66,44309.66,475109.305
20171201,002304.SZ,20171201,102.44,104.56,101.67,103.2,102.12,1.1,1.06,34388.4,361948.511
20171130,002304.SZ,20171130,102.65,103.63,100.26,102.12,102.99,-0.88,-0.84,36960.27,383448.494
20171129,002304.SZ,20171129,107.55,107.6,101.17,102.99,106.54,-3.62,-3.34,62411.44,658995.838
20171128,002304.SZ,20171128,106.47,108.52,104.93,106.54,106.8,-0.26,-0.24,49810.01,542192.022
20171127,002304.SZ,20171127,109.52,109.52,104.41,106.8,110.1,-3.36,-3.0,69529.48,750608.351
20171124,002304.SZ,20171124,109.4,110.85,104.61,110.1,109.75,0.36,0.32,75257.03,826341.101
20171123,002304.SZ,20171123,111.48,111.48,109.03,109.75,113.55,-3.87,-3.35,66140.74,740306.978
20171122,002304.SZ,20171122,119.84,121.75,112.94,113.55,119.15,-5.7,-4.7,89798.71,1063147.029
20171121,002304.SZ,20171121,112.96,119.15,111.0,119.15,111.97,7.3,6.4,109413.61,1290412.462
20171120,002304.SZ,20171120,113.35,113.48,107.65,111.97,113.51,-1.56,-1.35,63217.22,717463.938
20171117,002304.SZ,20171117,111.42,113.76,108.78,113.51,113.05,0.47,0.41,79469.18,908681.879
20171116,002304.SZ,20171116,110.01,113.82,110.01,113.05,110.09,3.01,2.69,76823.91,880836.329
20171115,002304.SZ,20171115,109.26,110.85,107.36,110.09,108.04,2.09,1.9,57125.93,636250.496
20171114,002304.SZ,20171114,113.1,113.35,107.65,108.04,112.95,-5.0,-4.35,86197.18,960583.988
20171113,002304.SZ,20171113,114.6,115.41,111.99,112.95,113.84,-0.91,-0.79,49592.81,570762.379
20171110,002304.SZ,20171110,109.99,114.44,108.06,113.84,110.97,2.92,2.58,83184.13,951481.259
20171109,002304.SZ,20171109,110.29,111.97,106.64,110.97,110.3,0.69,0.61,62916.1,699349.319
20171108,002304.SZ,20171108,113.79,114.51,108.24,110.3,113.12,-2.88,-2.5,103293.2,1176096.397
20171107,002304.SZ,20171107,115.27,118.49,112.88,113.12,114.92,-1.83,-1.56,65206.91,762821.538
20171106,002304.SZ,20171106,111.66,116.64,110.01,114.92,111.09,3.9,3.45,67131.86,778203.626
20171103,002304.SZ,20171103,111.46,113.45,110.74,111.09,112.18,-1.11,-0.97,41096.58,468794.539
20171102,002304.SZ,20171102,111.19,113.93,110.65,112.18,111.19,1.01,0.89,49065.5,560518.052
20171101,002304.SZ,20171101,108.29,112.26,108.29,111.19,108.28,2.96,2.69,72311.86,815800.186
20171031,002304.SZ,20171031,110.01,111.88,107.54,108.28,110.98,-2.75,-2.43,57256.77,636446.443
20171030,002304.SZ,20171030,112.96,112.96,106.77,110.98,114.93,-4.02,-3.44,132116.39,1470994.259
20171027,002304.SZ,20171027,113.18,116.29,111.67,114.93,113.95,1.0,0.86,72857.73,846510.48
20171026,002304.SZ,20171026,116.89,120.48,112.76,113.95,113.82,0.13,0.11,90376.4,1075902.901
20171025,002304.SZ,20171025,115.9,115.91,112.83,113.82,115.86,-2.08,-1.76,38614.15,447653.766
20171024,002304.SZ,20171024,113.31,116.28,112.15,115.86,114.27,1.62,1.39,58201.39,682460.223
20171023,002304.SZ,20171023,112.02,115.09,107.06,114.27,111.97,2.35,2.06,69512.6,799497.439
20171020,002304.SZ,20171020,113.35,113.74,110.19,111.97,114.51,-2.59,-2.22,56293.55,641718.445
20171019,002304.SZ,20171019,109.52,115.89,108.71,114.51,108.66,5.95,5.38,65491.85,754065.911
20171018,002304.SZ,20171018,103.49,108.67,102.84,108.66,103.49,5.27,5.0,52041.42,563202.099
20171017,002304.SZ,20171017,102.3,103.61,101.76,103.49,102.62,0.88,0.84,35938.75,376750.346
20171016,002304.SZ,20171016,104.04,106.43,102.43,102.62,104.02,-1.42,-1.34,44880.95,475773.202
20171013,002304.SZ,20171013,104.11,104.97,103.1,104.02,104.0,0.02,0.02,36846.29,389632.056
20171012,002304.SZ,20171012,106.47,108.01,103.63,104.0,106.08,-2.12,-1.96,52841.4,565650.538
20171011,002304.SZ,20171011,101.07,106.08,99.13,106.08,101.07,5.1,4.96,71178.95,752153.88
20171010,002304.SZ,20171010,100.19,101.54,97.61,101.07,98.22,2.9,2.9,109391.96,1101875.948
20171009,002304.SZ,20171009,101.05,104.39,97.43,98.22,99.7,-1.5,-1.48,94868.72,966351.924
20170929,002304.SZ,20170929,101.71,103.92,98.64,99.7,101.57,-1.91,-1.85,48567.25,498223.977
20170928,002304.SZ,20170928,98.25,103.51,98.22,101.57,98.52,3.11,3.1,53677.57,552487.321
20170927,002304.SZ,20170927,97.78,100.78,97.52,98.52,98.3,0.22,0.22,50028.74,505490.174
20170926,002304.SZ,20170926,98.06,99.84,97.29,98.3,98.65,-0.35,-0.35,52135.68,522549.784
20170925,002304.SZ,20170925,95.1,99.7,94.54,98.65,95.11,3.6,3.72,101215.97,1007734.291
20170922,002304.SZ,20170922,94.32,95.47,92.83,95.11,95.12,-0.01,-0.01,65213.72,629033.158
20170921,002304.SZ,20170921,93.56,95.75,93.56,95.12,93.31,1.84,1.94,66657.86,642340.297
20170920,002304.SZ,20170920,93.31,96.63,91.45,93.31,87.91,5.5,6.15,141217.36,1354250.357
20170919,002304.SZ,20170919,86.93,89.38,86.93,87.91,86.59,1.34,1.52,71906.92,645379.863
20170918,002304.SZ,20170918,87.25,88.13,86.24,86.59,86.31,0.29,0.33,75681.3,671796.205
20170915,002304.SZ,20170915,86.11,87.28,86.11,86.31,86.36,-0.05,-0.06,17789.6,156889.673
20170914,002304.SZ,20170914,87.21,87.36,86.1,86.36,87.48,-1.14,-1.28,17957.88,158344.283
20170913,002304.SZ,20170913,85.8,88.09,85.75,87.48,85.99,1.51,1.72,35854.7,317587.01
20170912,002304.SZ,20170912,85.26,86.44,84.77,85.99,84.91,1.1,1.27,22576.62,196911.136
20170911,002304.SZ,20170911,84.36,85.17,83.5,84.91,84.37,0.55,0.64,27282.38,235000.381
20170908,002304.SZ,20170908,85.57,85.92,83.88,84.37,85.61,-1.26,-1.45,25297.94,218242.889
20170907,002304.SZ,20170907,86.76,86.76,85.44,85.61,86.24,-0.64,-0.73,23214.01,202623.606
20170906,002304.SZ,20170906,87.12,87.57,86.09,86.24,87.11,-0.89,-1.0,21223.6,187562.235
20170905,002304.SZ,20170905,86.22,87.34,86.04,87.11,86.19,0.94,1.07,29986.51,265184.863
20170904,002304.SZ,20170904,86.44,86.85,85.95,86.19,86.34,-0.15,-0.17,23572.94,207084.483
20170901,002304.SZ,20170901,87.52,88.12,85.45,86.34,87.76,-1.45,-1.62,51903.21,457793.104
20170831,002304.SZ,20170831,90.15,90.29,86.04,87.76,89.86,-2.13,-2.33,49289.0,439144.045
20170830,002304.SZ,20170830,89.54,90.02,88.99,89.86,89.78,0.08,0.09,22477.8,204922.032
20170829,002304.SZ,20170829,87.98,89.97,87.52,89.78,87.92,1.89,2.11,27995.26,254358.409
20170828,002304.SZ,20170828,87.65,90.09,87.6,87.92,87.57,0.36,0.4,56836.46,515727.808
20170825,002304.SZ,20170825,86.6,87.91,85.45,87.57,86.56,1.02,1.16,29920.05,265382.076
20170824,002304.SZ,20170824,87.41,87.41,86.32,86.56,87.42,-0.87,-0.98,17542.74,155013.639
20170823,002304.SZ,20170823,85.25,87.47,85.11,87.42,85.75,1.7,1.95,24843.89,219141.413
20170822,002304.SZ,20170822,87.42,87.58,84.97,85.75,86.04,-0.3,-0.34,51135.39,447421.221
20170821,002304.SZ,20170821,85.95,87.89,84.87,86.04,86.73,-0.7,-0.79,38113.89,332819.205
20170818,002304.SZ,20170818,85.95,86.92,85.83,86.73,86.61,0.12,0.14,21798.25,191616.856
20170817,002304.SZ,20170817,87.72,88.87,86.12,86.61,87.52,-0.92,-1.03,37983.35,337266.837
20170816,002304.SZ,20170816,89.05,90.66,87.42,87.52,89.16,-1.67,-1.84,38119.34,344007.761
20170815,002304.SZ,20170815,88.4,90.66,87.7,89.16,87.52,1.67,1.87,33610.87,305807.568
20170814,002304.SZ,20170814,89.38,92.92,87.32,87.52,88.68,-1.18,-1.31,63557.78,580256.964
20170811,002304.SZ,20170811,91.15,91.82,87.71,88.68,91.59,-2.97,-3.19,33940.9,309792.628
20170810,002304.SZ,20170810,89.82,92.32,89.39,91.59,89.86,1.76,1.92,63050.05,587537.695
20170809,002304.SZ,20170809,86.69,91.22,86.46,89.86,86.48,3.45,3.92,70772.52,645775.064
20170808,002304.SZ,20170808,88.01,88.6,86.04,86.48,87.66,-1.21,-1.36,24120.45,214664.612
20170807,002304.SZ,20170807,85.63,88.01,85.01,87.66,85.85,1.85,2.12,56089.05,498009.861
20170804,002304.SZ,20170804,85.41,86.12,83.73,85.85,85.16,0.7,0.81,26190.85,227137.82
20170803,002304.SZ,20170803,85.43,86.19,84.75,85.16,85.36,-0.2,-0.23,19951.73,173160.733
20170802,002304.SZ,20170802,87.32,88.3,85.34,85.36,87.78,-2.47,-2.76,31881.15,280227.536
20170801,002304.SZ,20170801,87.98,88.65,86.34,87.78,87.81,-0.03,-0.03,30845.78,274139.013
20170731,002304.SZ,20170731,88.23,90.8,87.41,87.81,88.5,-0.7,-0.78,91136.54,831610.612
20170728,002304.SZ,20170728,84.42,88.7,84.11,88.5,84.11,4.47,5.22,69513.15,620047.501
20170727,002304.SZ,20170727,84.37,85.13,83.81,84.11,83.88,0.23,0.27,22845.1,196425.162
20170726,002304.SZ,20170726,86.18,86.32,83.54,83.88,86.24,-2.4,-2.73,21775.82,187596.328
20170725,002304.SZ,20170725,86.44,86.62,84.86,86.24,86.44,-0.2,-0.23,29457.09,257166.976
20170724,002304.SZ,20170724,84.25,86.66,84.25,86.44,84.79,1.68,1.95,50997.12,446334.317
20170721,002304.SZ,20170721,83.28,85.35,82.91,84.79,83.2,1.62,1.91,43877.33,377064.713
20170720,002304.SZ,20170720,82.4,83.55,81.94,83.2,82.3,0.91,1.09,24084.6,203592.015
20170719,002304.SZ,20170719,81.13,82.49,81.03,82.3,81.03,1.29,1.56,25794.44,215503.161
20170718,002304.SZ,20170718,81.48,81.66,79.93,81.03,81.51,-0.48,-0.58,16672.05,136956.445
20170717,002304.SZ,20170717,82.0,82.57,79.07,81.51,82.0,-0.5,-0.6,25509.35,210173.793
20170714,002304.SZ,20170714,81.81,82.19,80.94,82.0,81.82,0.18,0.22,15101.68,125545.789
20170713,002304.SZ,20170713,82.61,83.36,81.53,81.82,82.61,-0.8,-0.95,26621.24,222323.377
20170712,002304.SZ,20170712,83.88,83.88,82.19,82.61,83.49,-0.9,-1.06,31457.31,265359.231
20170711,002304.SZ,20170711,82.95,84.28,82.58,83.49,83.47,0.02,0.02,27761.41,236213.735
20170710,002304.SZ,20170710,83.12,83.69,82.25,83.47,83.14,0.34,0.4,23055.34,195302.605
20170707,002304.SZ,20170707,83.49,83.49,82.3,83.14,83.78,-0.66,-0.77,27093.33,228076.809
20170706,002304.SZ,20170706,83.5,83.81,82.41,83.78,83.49,0.3,0.35,22589.9,191080.317
20170705,002304.SZ,20170705,82.67,83.75,82.31,83.49,82.67,0.84,1.0,16473.63,139052.449
20170704,002304.SZ,20170704,83.14,83.15,81.79,82.67,83.64,-0.99,-1.16,31281.19,262423.281
20170703,002304.SZ,20170703,85.6,85.62,82.53,83.64,85.27,-1.66,-1.91,30227.16,256874.698
20170630,002304.SZ,20170630,84.25,85.44,83.99,85.27,84.76,0.52,0.6,17681.78,152534.899
20170629,002304.SZ,20170629,85.88,86.16,84.07,84.76,85.85,-1.11,-1.27,25642.64,221410.351
20170628,002304.SZ,20170628,86.68,86.81,85.12,85.85,86.68,-0.85,-0.96,21895.6,191441.099
20170627,002304.SZ,20170627,86.75,86.98,85.86,86.68,86.61,0.07,0.08,19035.81,167432.576
20170626,002304.SZ,20170626,84.89,87.27,84.88,86.61,84.87,1.78,2.06,41362.52,364259.1
20170623,002304.SZ,20170623,84.48,85.1,83.78,84.87,84.8,0.07,0.08,24348.64,208994.726
20170622,002304.SZ,20170622,85.26,85.43,84.18,84.8,85.24,-0.45,-0.52,41148.78,355282.133
20170621,002304.SZ,20170621,83.05,85.24,82.69,85.24,82.81,2.47,2.93,40054.49,342666.011
20170620,002304.SZ,20170620,83.81,84.06,82.42,82.81,83.66,-0.86,-1.01,28353.81,238943.967
20170619,002304.SZ,20170619,83.77,84.82,82.9,83.66,83.77,-0.12,-0.14,30458.26,259565.839
20170616,002304.SZ,20170616,84.33,85.1,82.54,83.77,83.95,-0.18,-0.21,42984.26,367114.258
20170615,002304.SZ,20170615,86.45,86.7,83.41,83.96,86.72,-2.88,-3.18,42832.21,376622.869
20170614,002304.SZ,20170614,87.1,88.41,86.09,86.72,87.1,-0.4,-0.44,24248.9,220052.229
20170613,002304.SZ,20170613,87.89,87.89,85.34,87.1,87.72,-0.65,-0.71,23591.34,213584.801
20170612,002304.SZ,20170612,85.81,89.06,85.81,87.72,85.25,2.58,2.9,49559.16,453343.245
20170609,002304.SZ,20170609,83.79,87.24,83.7,85.25,84.18,1.12,1.28,38293.03,342682.907
20170608,002304.SZ,20170608,83.43,85.21,82.81,84.18,83.43,0.78,0.9,31163.9,272949.312
20170607,002304.SZ,20170607,82.14,83.51,81.69,83.43,81.72,1.78,2.09,40236.38,348389.815
20170606,002304.SZ,20170606,80.92,81.82,80.58,81.72,80.86,0.9,1.07,14973.23,126936.799
20170605,002304.SZ,20170605,83.02,83.15,80.72,80.86,82.67,-1.89,-2.19,15706.51,133454.348
20170602,002304.SZ,20170602,83.7,83.95,82.02,82.67,83.42,-0.78,-0.9,22330.34,193038.084
20170601,002304.SZ,20170601,83.1,83.58,82.45,83.42,83.6,-0.19,-0.22,16747.86,145011.391
20170531,002304.SZ,20170531,83.33,83.6,81.78,83.6,83.37,0.24,0.28,21654.9,187039.132
20170526,002304.SZ,20170526,83.31,83.66,82.04,83.37,82.83,0.56,0.65,18296.37,158107.478
20170525,002304.SZ,20170525,82.69,83.31,82.11,82.83,82.73,0.11,0.13,13351.25,115348.735
20170524,002304.SZ,20170524,82.48,83.03,81.02,82.73,82.84,-0.12,-0.14,24391.23,209484.884
20170523,002304.SZ,20170523,80.26,83.76,80.16,82.84,80.05,2.91,3.49,44015.34,378025.945
20170522,002304.SZ,20170522,79.86,80.8,79.29,80.05,79.29,0.8,0.97,19608.94,163500.13
20170519,002304.SZ,20170519,79.29,79.86,78.95,79.29,79.27,0.02,0.02,14933.6,123582.356
20170518,002304.SZ,20170518,79.52,80.16,79.12,79.27,79.79,-0.55,-0.66,20353.45,168824.298
20170517,002304.SZ,20170517,80.9,81.42,79.68,79.79,80.8,-1.05,-1.25,25982.02,217128.196
20170516,002304.SZ,20170516,79.96,80.99,79.78,80.8,79.83,1.01,1.21,31271.66,262771.953
20170515,002304.SZ,20170515,79.77,80.52,79.48,79.83,79.48,0.37,0.45,15968.06,133130.168
20170512,002304.SZ,20170512,79.09,79.55,78.42,79.48,79.19,0.3,0.36,16759.5,138110.761
20170511,002304.SZ,20170511,78.14,79.29,77.86,79.19,78.41,0.81,0.99,27702.62,227354.777
20170510,002304.SZ,20170510,77.65,79.07,77.21,78.41,77.46,0.99,1.23,24221.85,198494.907
20170509,002304.SZ,20170509,77.51,78.03,76.58,77.46,77.2,0.28,0.35,25071.56,201980.565
20170508,002304.SZ,20170508,78.14,78.61,76.52,77.2,78.07,-0.91,-1.12,29803.1,240253.891
20170505,002304.SZ,20170505,77.95,78.43,77.28,78.07,77.92,0.15,0.18,31946.26,259358.896
20170504,002304.SZ,20170504,76.79,78.9,76.47,77.92,76.69,1.29,1.61,36190.37,294146.954
20170503,002304.SZ,20170503,75.73,77.45,75.73,76.69,75.56,1.18,1.5,45910.4,366917.709
20170502,002304.SZ,20170502,75.45,76.09,74.78,75.56,76.7,-1.19,-1.49,61898.45,486381.666
20170428,002304.SZ,20170428,82.45,82.45,75.57,76.7,83.96,-7.58,-8.65,153350.31,1234566.622
20170427,002304.SZ,20170427,82.78,84.02,82.06,83.96,82.93,1.08,1.25,22650.53,196791.157
20170426,002304.SZ,20170426,82.5,85.21,81.95,82.93,82.34,0.61,0.71,55080.49,479926.039
20170425,002304.SZ,20170425,81.27,83.08,81.17,82.34,80.55,1.87,2.23,38005.39,325627.521
20170424,002304.SZ,20170424,83.27,83.27,79.84,80.55,83.41,-2.98,-3.43,25326.66,215233.012
20170421,002304.SZ,20170421,84.49,84.83,82.26,83.41,84.86,-1.51,-1.71,30885.17,269796.23
20170420,002304.SZ,20170420,83.12,86.05,82.55,84.86,82.73,2.22,2.57,46410.27,410983.634
20170419,002304.SZ,20170419,82.93,83.96,81.67,82.73,83.05,-0.34,-0.39,25405.86,218964.016
20170418,002304.SZ,20170418,80.42,83.37,80.24,83.05,80.27,2.9,3.46,32427.68,277948.53
20170417,002304.SZ,20170417,79.96,80.72,78.92,80.27,79.95,0.34,0.41,15246.72,127716.042
20170414,002304.SZ,20170414,81.49,81.96,79.78,79.95,81.79,-1.92,-2.25,15217.49,127612.759
20170413,002304.SZ,20170413,80.36,82.26,79.6,81.79,80.44,1.41,1.68,28173.3,239062.97
20170412,002304.SZ,20170412,79.47,80.72,78.68,80.44,79.56,0.91,1.1,23089.96,193577.048
20170411,002304.SZ,20170411,78.95,79.81,78.16,79.56,78.86,0.73,0.89,23937.47,197763.033
20170410,002304.SZ,20170410,81.89,81.94,78.62,78.86,81.84,-3.1,-3.63,35689.34,296447.5
20170407,002304.SZ,20170407,82.55,82.74,81.61,81.84,82.59,-0.79,-0.92,24920.98,213491.905
20170406,002304.SZ,20170406,83.4,83.88,82.23,82.59,83.66,-1.11,-1.27,22767.96,196380.62
20170405,002304.SZ,20170405,84.22,85.59,83.1,83.66,83.77,-0.12,-0.14,36798.75,322945.038
20170331,002304.SZ,20170331,83.23,84.36,82.65,83.77,83.21,0.59,0.68,17339.28,151375.842
20170330,002304.SZ,20170330,85.66,85.66,82.93,83.21,85.04,-1.91,-2.15,24210.63,211348.81
20170329,002304.SZ,20170329,83.83,85.54,83.47,85.04,83.46,1.65,1.9,21679.41,191775.003
20170328,002304.SZ,20170328,83.89,84.34,82.56,83.46,83.41,0.05,0.06,14861.95,129096.731
20170327,002304.SZ,20170327,85.32,85.76,82.74,83.41,84.94,-1.6,-1.81,23891.86,209398.725
20170324,002304.SZ,20170324,85.23,86.34,84.56,84.94,85.08,-0.14,-0.16,21783.7,193807.725
20170323,002304.SZ,20170323,86.3,87.22,84.27,85.08,86.28,-1.26,-1.4,26494.13,234851.752
20170322,002304.SZ,20170322,85.62,86.67,84.88,86.28,86.0,0.3,0.33,39771.1,356787.247
20170321,002304.SZ,20170321,82.74,86.41,82.59,86.0,82.61,3.53,4.1,43893.09,389960.846
20170320,002304.SZ,20170320,82.06,82.91,81.73,82.61,81.73,0.92,1.08,19537.99,167762.776
20170317,002304.SZ,20170317,81.83,83.21,81.31,81.73,81.87,-0.15,-0.18,24474.06,210425.533
20170316,002304.SZ,20170316,82.84,83.37,81.2,81.87,82.26,-0.4,-0.47,22571.66,193284.824
20170315,002304.SZ,20170315,82.45,83.66,82.09,82.26,82.85,-0.62,-0.72,16291.55,140576.407
20170314,002304.SZ,20170314,83.1,83.66,81.95,82.85,82.75,0.11,0.13,13402.82,115571.269
20170313,002304.SZ,20170313,81.59,84.01,81.2,82.75,81.68,1.11,1.3,27309.14,236671.28
20170310,002304.SZ,20170310,79.83,83.29,79.82,81.68,79.86,1.9,2.28,58779.73,503906.903
20170309,002304.SZ,20170309,80.83,81.19,78.85,79.86,80.77,-0.95,-1.13,19766.12,164936.1
20170308,002304.SZ,20170308,81.11,81.54,80.07,80.77,81.3,-0.55,-0.65,24668.29,207727.889
20170307,002304.SZ,20170307,79.57,81.38,79.16,81.3,79.49,1.89,2.28,44661.55,375564.053
20170306,002304.SZ,20170306,79.49,79.6,77.81,79.49,79.49,0.0,0.0,26990.45,222466.649
20170303,002304.SZ,20170303,79.68,80.68,79.46,79.49,80.29,-0.84,-1.0,26421.44,220322.119
20170302,002304.SZ,20170302,79.43,80.51,78.72,80.29,79.41,0.92,1.11,44594.2,370545.805
20170301,002304.SZ,20170301,78.14,81.01,77.9,79.41,77.69,1.79,2.21,31366.87,260809.602
20170228,002304.SZ,20170228,77.45,78.9,77.35,77.69,77.21,0.51,0.63,32328.66,262428.466
20170227,002304.SZ,20170227,79.96,80.16,77.08,77.21,79.58,-2.48,-2.99,30753.25,251170.561
20170224,002304.SZ,20170224,80.19,81.08,79.09,79.58,80.05,-0.49,-0.59,18050.74,150139.117
20170223,002304.SZ,20170223,80.53,82.93,79.46,80.05,81.43,-1.44,-1.7,33861.48,286722.174
20170222,002304.SZ,20170222,79.83,83.19,79.43,81.43,79.83,1.67,2.01,55075.65,470264.999
20170221,002304.SZ,20170221,79.57,80.81,78.89,79.83,79.03,0.84,1.02,36242.16,301063.621
20170220,002304.SZ,20170220,77.45,81.4,77.22,79.03,77.2,1.91,2.37,64537.42,539416.866
20170217,002304.SZ,20170217,77.13,78.9,76.63,77.2,76.85,0.36,0.45,34372.91,278051.637
20170216,002304.SZ,20170216,76.74,77.25,76.13,76.85,76.75,0.11,0.14,23506.17,188037.235
20170215,002304.SZ,20170215,77.79,78.27,75.74,76.75,77.8,-1.1,-1.36,42326.99,338342.333
20170214,002304.SZ,20170214,77.48,77.97,76.22,77.8,77.22,0.6,0.74,62026.69,500350.677
20170213,002304.SZ,20170213,73.33,79.09,72.86,77.22,71.9,5.55,7.4,133253.15,1066660.564
20170210,002304.SZ,20170210,69.27,72.98,68.78,71.9,68.82,3.22,4.49,79173.59,591128.526
20170209,002304.SZ,20170209,67.77,69.3,67.77,68.82,67.77,1.09,1.54,31647.57,227129.905
20170208,002304.SZ,20170208,67.41,68.21,67.26,67.77,67.69,0.09,0.13,19045.58,134746.042
20170207,002304.SZ,20170207,67.87,68.05,67.12,67.69,67.88,-0.2,-0.28,15199.32,107102.873
20170206,002304.SZ,20170206,66.96,68.07,66.92,67.88,67.05,0.86,1.23,16333.08,115296.839
20170203,002304.SZ,20170203,67.69,68.03,66.95,67.05,67.32,-0.28,-0.4,17667.61,124253.392
20170126,002304.SZ,20170126,67.99,68.13,67.19,67.32,67.89,-0.59,-0.83,11637.1,82118.098
20170125,002304.SZ,20170125,67.35,67.89,67.15,67.89,67.39,0.52,0.74,14367.45,101372.221
20170124,002304.SZ,20170124,67.61,67.96,67.01,67.39,67.58,-0.2,-0.28,24721.51,173752.767
20170123,002304.SZ,20170123,67.11,68.24,67.01,67.58,66.94,0.67,0.96,21378.95,150795.148
20170120,002304.SZ,20170120,66.2,67.09,66.2,66.94,66.17,0.8,1.16,17826.65,123997.921
20170119,002304.SZ,20170119,66.97,67.25,66.0,66.17,67.32,-1.2,-1.71,23060.3,160048.717
20170118,002304.SZ,20170118,66.29,67.59,65.89,67.32,66.21,1.16,1.68,26583.41,185825.947
20170117,002304.SZ,20170117,64.98,66.28,64.71,66.21,64.99,1.27,1.87,22927.8,157225.224
20170116,002304.SZ,20170116,65.26,65.67,64.24,64.99,65.0,-0.01,-0.01,19035.09,129043.88
20170113,002304.SZ,20170113,65.97,66.32,64.73,65.0,65.94,-0.98,-1.42,19283.73,132125.203
20170112,002304.SZ,20170112,67.06,67.06,65.84,65.94,66.76,-0.85,-1.22,12289.06,84987.912
20170111,002304.SZ,20170111,67.99,68.06,66.54,66.76,67.98,-1.28,-1.81,14866.06,104076.624
20170110,002304.SZ,20170110,67.85,68.59,67.83,67.98,67.83,0.16,0.23,15310.9,108851.188
20170109,002304.SZ,20170109,67.92,68.64,67.6,67.83,67.99,-0.17,-0.24,18573.87,131901.578
20170106,002304.SZ,20170106,68.95,69.17,67.89,67.99,69.02,-1.07,-1.49,23817.99,170411.153
20170105,002304.SZ,20170105,68.92,69.2,68.74,69.02,69.05,-0.03,-0.04,21479.58,154504.962
20170104,002304.SZ,20170104,68.53,69.18,67.6,69.05,67.93,1.17,1.65,35037.85,250952.355
20170103,002304.SZ,20170103,67.97,68.14,67.27,67.93,67.69,0.25,0.35,21101.27,149206.793
20161230,002304.SZ,20161230,66.8,68.15,66.8,67.69,66.54,1.19,1.71,26807.38,188706.586
20161229,002304.SZ,20161229,66.28,67.05,66.07,66.54,66.44,0.11,0.16,15871.33,110193.785
20161228,002304.SZ,20161228,65.78,66.76,65.45,66.44,65.88,0.58,0.84,23548.22,162478.039
20161227,002304.SZ,20161227,66.05,66.12,65.67,65.88,65.96,-0.08,-0.12,11546.66,79342.384
20161226,002304.SZ,20161226,64.76,65.99,64.76,65.96,65.69,0.28,0.41,16446.55,112269.371
20161223,002304.SZ,20161223,67.06,67.06,65.21,65.69,67.08,-1.45,-2.07,24430.34,168069.727
20161222,002304.SZ,20161222,67.22,67.49,66.71,67.08,67.55,-0.49,-0.7,20752.99,145278.927
20161221,002304.SZ,20161221,67.54,68.18,67.41,67.55,67.71,-0.17,-0.24,20784.47,146748.609
20161220,002304.SZ,20161220,68.16,68.36,67.33,67.71,68.46,-0.78,-1.09,19070.9,134775.508
20161219,002304.SZ,20161219,67.13,69.37,66.9,68.46,67.39,1.12,1.59,48981.37,350895.519
20161216,002304.SZ,20161216,67.01,67.86,66.43,67.39,67.24,0.15,0.21,35691.7,249692.91
20161215,002304.SZ,20161215,69.53,69.96,66.54,67.24,69.5,-2.35,-3.24,60669.97,428630.09
20161214,002304.SZ,20161214,69.99,70.72,69.32,69.5,69.71,-0.22,-0.3,61389.36,448515.053
20161213,002304.SZ,20161213,67.4,70.28,67.22,69.71,67.3,2.51,3.58,69275.08,499291.776
20161212,002304.SZ,20161212,69.31,69.7,66.87,67.3,69.19,-1.97,-2.73,52979.38,378110.858
20161209,002304.SZ,20161209,68.84,69.75,68.55,69.19,68.84,0.37,0.52,43263.98,312005.831
20161208,002304.SZ,20161208,68.55,70.61,68.22,68.84,68.35,0.51,0.72,57863.4,418756.708
20161207,002304.SZ,20161207,68.61,68.74,67.69,68.35,68.39,-0.04,-0.06,26008.6,184932.583
20161206,002304.SZ,20161206,66.29,68.45,66.29,68.39,66.67,1.79,2.57,36745.83,259531.793
20161205,002304.SZ,20161205,66.34,67.26,65.83,66.67,66.71,-0.04,-0.06,22217.13,154707.094
20161202,002304.SZ,20161202,67.51,67.51,66.58,66.71,67.54,-0.87,-1.23,26110.22,182136.17
20161201,002304.SZ,20161201,67.59,68.26,67.21,67.54,67.59,-0.05,-0.07,27058.98,191047.597
20161130,002304.SZ,20161130,68.13,68.5,67.42,67.59,68.59,-1.04,-1.45,33156.43,234605.135
20161129,002304.SZ,20161129,67.07,68.89,66.98,68.59,66.98,1.68,2.4,87438.25,623028.669
20161128,002304.SZ,20161128,67.1,67.79,66.68,66.98,66.51,0.49,0.71,46682.26,326943.933
20161125,002304.SZ,20161125,66.17,66.54,65.77,66.51,66.3,0.22,0.32,21620.53,149246.9
20161124,002304.SZ,20161124,65.48,66.71,65.48,66.3,66.3,0.0,0.0,28937.95,199516.884
20161123,002304.SZ,20161123,65.19,66.33,65.07,66.3,64.97,1.38,2.04,39612.32,271031.58
20161122,002304.SZ,20161122,65.05,65.26,64.89,64.97,64.91,0.06,0.09,16818.38,114041.92
20161121,002304.SZ,20161121,64.82,65.28,64.81,64.91,64.79,0.13,0.19,11351.13,76963.262
20161118,002304.SZ,20161118,65.32,65.32,64.72,64.79,65.29,-0.52,-0.76,13503.86,91527.546
20161117,002304.SZ,20161117,64.91,65.4,64.87,65.29,65.23,0.06,0.09,12423.54,84480.944
20161116,002304.SZ,20161116,65.38,65.53,65.19,65.23,65.53,-0.31,-0.45,14095.89,95979.629
20161115,002304.SZ,20161115,64.9,65.72,64.52,65.53,64.9,0.66,0.98,18268.96,124217.952
20161114,002304.SZ,20161114,65.19,65.48,64.49,64.9,65.19,-0.31,-0.46,26841.7,181809.949
20161111,002304.SZ,20161111,65.29,65.47,64.87,65.19,65.04,0.16,0.24,15397.99,104626.975
20161110,002304.SZ,20161110,65.03,65.53,64.86,65.04,64.43,0.64,0.95,15422.71,104721.251
20161109,002304.SZ,20161109,65.53,65.53,63.96,64.43,65.53,-1.15,-1.68,20223.31,136298.125
20161108,002304.SZ,20161108,64.87,65.91,64.87,65.53,64.84,0.72,1.06,23253.49,158883.501
20161107,002304.SZ,20161107,65.37,65.61,64.28,64.84,65.37,-0.55,-0.81,21312.38,144236.874
20161104,002304.SZ,20161104,66.32,66.34,65.24,65.37,66.32,-1.0,-1.45,20718.55,142275.566
20161103,002304.SZ,20161103,66.06,66.62,65.75,66.32,66.21,0.12,0.17,13642.82,94301.834
20161102,002304.SZ,20161102,66.87,67.42,66.16,66.21,67.23,-1.06,-1.51,17247.81,119622.364
20161101,002304.SZ,20161101,67.0,67.23,66.54,67.23,66.77,0.47,0.67,12456.84,86990.132
20161031,002304.SZ,20161031,66.85,67.55,66.61,66.77,66.92,-0.15,-0.21,16115.81,112515.832
20161028,002304.SZ,20161028,66.17,67.23,66.17,66.92,66.53,0.41,0.59,26719.59,186506.8516
20161027,002304.SZ,20161027,67.06,67.11,66.16,66.53,66.88,-0.37,-0.53,27664.99,192525.5694
20161026,002304.SZ,20161026,66.65,68.8,66.15,66.88,66.92,-0.04,-0.06,63097.22,445731.4167
20161025,002304.SZ,20161025,65.6,67.03,65.55,66.92,65.6,1.38,2.02,29160.33,201809.847
20161024,002304.SZ,20161024,65.82,65.83,65.25,65.6,65.4,0.2,0.29,12797.87,87580.0288
20161021,002304.SZ,20161021,65.72,65.82,65.11,65.4,65.82,-0.43,-0.63,15989.94,109030.7634
20161020,002304.SZ,20161020,65.76,66.06,65.58,65.82,65.96,-0.15,-0.22,11354.15,77975.9269
20161019,002304.SZ,20161019,65.97,66.12,65.61,65.96,65.99,-0.03,-0.04,15879.41,109046.7029
20161018,002304.SZ,20161018,65.39,66.14,65.31,65.99,65.39,0.62,0.91,19136.54,131551.1977
20161017,002304.SZ,20161017,65.13,66.09,65.1,65.39,65.35,0.05,0.07,24063.81,165020.7274
20161014,002304.SZ,20161014,65.14,65.54,65.1,65.35,65.34,0.01,0.01,12527.73,85326.3546
20161013,002304.SZ,20161013,65.32,65.53,65.09,65.34,65.33,0.01,0.01,15167.82,103402.9119
20161012,002304.SZ,20161012,65.46,65.46,65.14,65.33,65.58,-0.26,-0.38,14528.28,98942.7461
20161011,002304.SZ,20161011,65.67,66.01,65.33,65.58,65.64,-0.07,-0.1,27155.13,185677.1084
20161010,002304.SZ,20161010,64.65,65.67,64.52,65.64,64.32,1.38,2.06,43566.87,296274.0646
20160930,002304.SZ,20160930,63.48,64.79,63.47,64.32,63.7,0.65,0.98,32976.37,221580.6684
20160929,002304.SZ,20160929,63.29,63.83,63.02,63.7,63.2,0.52,0.79,23974.14,158800.7877
20160928,002304.SZ,20160928,63.62,63.62,63.1,63.2,63.45,-0.26,-0.39,15362.64,101363.6324
20160927,002304.SZ,20160927,62.83,63.74,62.57,63.45,62.83,0.64,0.98,23976.12,158005.2028
20160926,002304.SZ,20160926,63.91,63.92,62.57,62.83,63.93,-1.14,-1.71,29317.83,193036.7028
20160923,002304.SZ,20160923,64.09,64.3,63.67,63.93,63.95,-0.02,-0.03,31694.15,211382.1203
20160922,002304.SZ,20160922,62.97,64.11,62.8,63.95,62.62,1.38,2.11,55128.8,366426.6036
20160921,002304.SZ,20160921,62.26,63.02,62.22,62.62,62.29,0.35,0.54,25400.75,165602.1484
20160920,002304.SZ,20160920,62.66,62.66,62.14,62.29,62.65,-0.38,-0.58,25087.03,163052.5135
20160919,002304.SZ,20160919,62.8,63.07,62.4,62.65,62.74,-0.09,-0.14,34904.57,228065.5172
20160914,002304.SZ,20160914,62.51,62.8,62.12,62.74,62.64,0.1,0.15,34784.69,226752.7477
20160913,002304.SZ,20160913,62.51,62.75,62.25,62.64,62.32,0.34,0.52,32668.32,212793.7203
20160912,002304.SZ,20160912,63.59,63.59,62.31,62.32,64.36,-2.13,-3.17,45631.35,299185.0651
20160909,002304.SZ,20160909,64.62,64.86,64.27,64.36,64.62,-0.27,-0.4,31379.82,211164.0658
20160908,002304.SZ,20160908,64.7,65.08,64.29,64.62,64.76,-0.15,-0.22,40830.23,275493.4467
20160907,002304.SZ,20160907,65.53,65.55,64.53,64.76,65.67,-0.95,-1.39,65213.74,440726.8936
20160906,002304.SZ,20160906,65.86,65.86,64.28,65.67,65.84,-0.17,-0.25,40530.44,274942.3688
20160905,002304.SZ,20160905,66.07,66.36,65.68,65.84,66.05,-0.22,-0.32,19448.58,133724.2252
20160902,002304.SZ,20160902,66.74,67.02,65.73,66.05,67.0,-1.0,-1.43,25386.46,175393.1921
20160901,002304.SZ,20160901,67.59,67.64,66.92,67.0,67.39,-0.4,-0.57,19744.76,138318.6149
20160831,002304.SZ,20160831,67.4,67.78,67.11,67.39,67.11,0.29,0.41,20246.13,142325.6963
20160830,002304.SZ,20160830,66.91,67.47,66.78,67.11,67.01,0.1,0.14,22545.91,157819.2492
20160829,002304.SZ,20160829,67.62,67.64,66.25,67.01,67.62,-0.63,-0.89,39513.21,274981.595
20160826,002304.SZ,20160826,68.16,68.16,67.59,67.62,67.92,-0.31,-0.44,17453.39,123493.3442
20160825,002304.SZ,20160825,68.33,68.49,67.4,67.92,68.36,-0.46,-0.65,17005.81,120258.0739
20160824,002304.SZ,20160824,68.72,69.03,68.28,68.36,68.71,-0.37,-0.52,13556.29,96858.0303
20160823,002304.SZ,20160823,68.36,69.27,68.26,68.71,68.28,0.45,0.63,30253.31,217220.264
20160822,002304.SZ,20160822,68.4,68.88,68.12,68.28,68.41,-0.14,-0.2,22043.19,157332.7548
20160819,002304.SZ,20160819,68.97,69.04,68.34,68.41,68.9,-0.51,-0.71,26371.11,188759.9231
20160818,002304.SZ,20160818,68.81,69.23,68.64,68.9,68.95,-0.05,-0.07,28735.82,206440.7872
20160817,002304.SZ,20160817,69.51,70.02,68.78,68.95,69.03,-0.08,-0.11,44679.26,322972.9012
20160816,002304.SZ,20160816,70.95,70.97,68.89,69.03,70.56,-1.6,-2.17,52313.49,379965.4953
20160815,002304.SZ,20160815,69.7,71.42,69.7,70.56,69.56,1.04,1.43,45283.77,332792.2163
20160812,002304.SZ,20160812,69.34,69.99,68.64,69.56,69.32,0.25,0.35,31291.82,226346.8295
20160811,002304.SZ,20160811,68.84,70.03,68.84,69.32,68.85,0.5,0.7,37617.53,273317.1191
20160810,002304.SZ,20160810,68.75,69.39,68.75,68.85,69.01,-0.17,-0.24,23323.67,168151.0998
20160809,002304.SZ,20160809,68.46,69.78,68.08,69.01,68.42,0.61,0.85,39499.56,284005.5288
20160808,002304.SZ,20160808,67.24,68.48,66.65,68.42,67.27,1.2,1.71,33205.79,234760.5673
20160805,002304.SZ,20160805,67.0,67.39,66.95,67.27,67.25,0.02,0.03,29807.47,208957.7092
20160804,002304.SZ,20160804,67.35,67.35,66.78,67.25,67.23,0.02,0.03,27783.78,194444.3765
20160803,002304.SZ,20160803,67.11,67.59,66.87,67.23,67.37,-0.14,-0.2,24811.63,173736.7239
20160802,002304.SZ,20160802,67.05,67.51,66.82,67.37,67.11,0.27,0.39,24288.64,170073.2084
20160801,002304.SZ,20160801,68.47,68.47,66.75,67.11,68.56,-1.51,-2.11,52422.12,367953.7814
20160729,002304.SZ,20160729,68.63,69.77,68.07,68.56,68.26,0.31,0.44,39193.77,281942.0063
20160728,002304.SZ,20160728,67.58,68.99,67.35,68.26,67.72,0.56,0.79,34568.59,246775.8877
20160727,002304.SZ,20160727,69.53,69.75,67.12,67.72,69.92,-2.29,-3.14,56127.73,398093.5283
20160726,002304.SZ,20160726,68.15,69.98,67.84,69.92,68.35,1.64,2.3,48294.56,347707.2611
20160725,002304.SZ,20160725,67.99,69.18,67.78,68.35,67.97,0.39,0.55,32322.09,231555.1781
20160722,002304.SZ,20160722,69.99,70.08,67.87,67.97,69.94,-2.05,-2.81,41223.32,295209.9321
20160721,002304.SZ,20160721,69.44,70.93,69.44,69.94,69.32,0.65,0.9,36978.56,270571.6696
20160720,002304.SZ,20160720,69.46,70.13,69.04,69.32,69.51,-0.2,-0.28,30040.12,217541.5264
20160719,002304.SZ,20160719,71.27,71.6,68.93,69.51,71.15,-1.71,-2.3,51972.66,378117.9191
20160718,002304.SZ,20160718,71.33,72.29,71.04,71.15,72.38,-1.29,-1.71,28005.83,208698.6414
20160715,002304.SZ,20160715,72.1,72.84,71.07,72.38,72.15,0.24,0.32,31399.76,235267.2131
20160714,002304.SZ,20160714,73.14,74.17,71.57,72.15,72.98,-0.86,-1.13,39093.25,295880.7954
20160713,002304.SZ,20160713,74.5,74.64,72.65,72.98,74.5,-1.59,-2.05,44702.8,341536.054
20160712,002304.SZ,20160712,73.15,76.22,72.73,74.5,74.28,0.23,0.3,56868.47,442041.5758
20160711,002304.SZ,20160711,72.34,76.67,71.71,74.28,72.19,2.18,2.9,61748.4,483004.6838
20160708,002304.SZ,20160708,71.92,72.6,71.32,72.19,71.8,0.41,0.55,23544.78,176502.7175
20160707,002304.SZ,20160707,72.94,73.82,71.6,71.8,73.8,-2.09,-2.72,48471.37,365935.378
20160706,002304.SZ,20160706,69.17,74.47,69.17,73.8,69.77,4.21,5.79,78570.44,590327.2174
20160705,002304.SZ,20160705,69.22,70.23,68.75,69.77,69.22,0.57,0.79,41790.58,303200.239
20160704,002304.SZ,20160704,68.57,69.71,68.11,69.22,68.57,0.68,0.95,36599.68,263375.1952
20160701,002304.SZ,20160701,68.83,69.4,68.26,68.57,68.95,-0.4,-0.56,23484.35,168345.3214
20160630,002304.SZ,20160630,69.41,70.94,68.93,68.95,69.32,-0.38,-0.53,38005.35,276412.0697
20160629,002304.SZ,20160629,70.35,70.47,68.75,69.32,70.12,-0.84,-1.15,27262.91,196781.9862
20160628,002304.SZ,20160628,70.02,70.47,69.17,70.12,70.47,-0.36,-0.49,30366.95,221010.3192
20160627,002304.SZ,20160627,68.15,70.95,68.07,70.47,68.28,2.28,3.2,41262.74,300894.164
20160624,002304.SZ,20160624,69.13,69.79,67.01,68.28,69.13,-0.89,-1.23,26379.3,187814.6374
20160623,002304.SZ,20160623,70.16,70.45,68.6,69.13,70.08,-0.99,-1.35,16960.43,122635.5316
20160622,002304.SZ,20160622,69.04,70.37,69.04,70.08,69.97,0.12,0.16,20855.27,151712.8715
20160621,002304.SZ,20160621,71.14,71.89,69.79,69.97,71.12,-1.2,-1.62,17955.55,132215.3636
20160620,002304.SZ,20160620,72.11,73.23,70.95,71.12,73.05,-2.02,-2.65,29961.02,223480.8238
20160617,002304.SZ,20160617,69.2,73.5,69.2,73.05,69.62,3.58,4.93,54770.0,415503.2249
20160616,002304.SZ,20160616,69.45,70.16,68.74,69.62,69.64,-0.02,-0.03,23233.2,172535.2083
20160615,002304.SZ,20160615,68.15,69.69,67.66,69.64,68.29,1.44,1.97,21055.22,155747.2775
20160614,002304.SZ,20160614,66.12,68.76,66.12,68.29,66.76,1.63,2.28,23306.59,169209.8869
20160613,002304.SZ,20160613,67.26,69.18,66.76,66.76,68.19,-1.53,-2.1,17590.86,127943.7592
20160608,002304.SZ,20160608,69.55,69.55,67.91,68.19,69.59,-1.49,-2.0,18053.3,132147.6673
20160607,002304.SZ,20160607,68.34,69.6,67.61,69.59,68.74,0.91,1.24,24478.69,179743.7228
20160606,002304.SZ,20160606,68.29,69.15,66.98,68.74,68.29,0.48,0.66,33174.68,241525.4869
20160603,002304.SZ,20160603,65.39,68.8,65.34,68.29,65.39,3.1,4.43,64881.51,469769.4123
20160602,002304.SZ,20160602,65.46,66.41,65.3,65.39,65.51,-0.13,-0.19,19404.28,136134.6191
20160601,002304.SZ,20160601,64.09,66.09,64.09,65.51,63.92,1.7,2.49,63778.15,446835.9085
20160531,002304.SZ,20160531,62.65,64.04,62.59,63.92,62.38,1.65,2.47,37781.49,257515.9129
20160530,002304.SZ,20160530,62.51,63.12,61.74,62.38,62.51,-0.14,-0.21,12968.9,86679.0873
20160527,002304.SZ,20160527,62.21,62.77,62.1,62.51,62.21,0.32,0.48,11319.94,75528.7392
20160526,002304.SZ,20160526,62.44,62.66,61.73,62.21,62.39,-0.2,-0.3,11741.68,77910.7508
20160525,002304.SZ,20160525,62.7,63.17,62.3,62.39,62.63,-0.25,-0.37,9465.22,63331.264
20160524,002304.SZ,20160524,63.65,63.75,62.58,62.63,63.61,-1.05,-1.54,11291.13,75976.3157
20160523,002304.SZ,20160523,63.34,65.09,63.02,63.61,63.34,0.29,0.43,19317.76,131291.0654
20160520,002304.SZ,20160520,62.3,63.55,62.3,63.34,62.68,0.7,1.04,12676.06,85503.9143
20160519,002304.SZ,20160519,63.05,63.59,62.68,62.68,63.31,-0.67,-0.99,13023.13,87846.2775
20160518,002304.SZ,20160518,62.92,63.82,61.93,63.31,63.26,0.06,0.09,17610.56,118539.2065
20160517,002304.SZ,20160517,63.89,63.89,62.56,63.26,63.92,-0.71,-1.04,16697.23,112701.3733
20160516,002304.SZ,20160516,62.82,64.1,62.22,63.92,63.61,0.33,0.49,28876.38,194759.1344
20160513,002304.SZ,20160513,64.44,66.32,62.69,63.61,64.73,-1.2,-1.73,36643.0,253119.3036
20160512,002304.SZ,20160512,62.77,65.48,61.95,64.73,63.7,1.1,1.62,54201.87,373058.3244
20160511,002304.SZ,20160511,62.86,65.56,62.79,63.7,62.68,1.1,1.64,53627.52,368172.9417
20160510,002304.SZ,20160510,62.82,63.61,62.21,62.68,63.24,-0.6,-0.89,26432.76,177690.892
20160509,002304.SZ,20160509,62.84,63.82,62.68,63.24,62.77,0.5,0.75,26308.84,178077.5202
20160506,002304.SZ,20160506,65.29,65.37,62.56,62.77,65.36,-2.77,-3.96,29391.13,200141.4288
20160505,002304.SZ,20160505,65.07,65.69,64.64,65.36,65.19,0.18,0.26,20451.09,142624.5132
20160504,002304.SZ,20160504,66.59,66.83,64.83,65.19,67.0,-1.93,-2.69,35613.85,250686.4576
20160503,002304.SZ,20160503,63.4,67.35,62.3,67.0,63.25,4.01,5.93,80988.42,571320.2511
20160429,002304.SZ,20160429,62.54,64.52,62.54,63.25,62.51,0.79,1.18,51913.47,353363.9557
20160428,002304.SZ,20160428,63.5,63.69,61.81,62.51,63.51,-1.07,-1.58,19221.51,128440.3437
20160427,002304.SZ,20160427,63.33,63.68,62.97,63.51,63.18,0.35,0.52,15270.36,103631.9246
20160426,002304.SZ,20160426,63.14,63.52,62.59,63.18,63.27,-0.1,-0.15,22578.5,152383.5072
20160425,002304.SZ,20160425,62.21,63.8,61.66,63.27,62.53,0.8,1.2,31308.41,211824.0328
20160422,002304.SZ,20160422,60.97,62.56,60.71,62.53,61.03,1.6,2.45,22210.22,147731.1396
20160421,002304.SZ,20160421,59.12,61.26,59.12,61.03,59.63,1.5,2.35,24239.14,157086.9385
20160420,002304.SZ,20160420,59.82,59.88,58.11,59.63,59.48,0.16,0.25,27902.02,176653.5418
20160419,002304.SZ,20160419,60.07,60.5,59.2,59.48,59.82,-0.37,-0.58,16396.95,104332.3878
20160418,002304.SZ,20160418,60.66,60.66,59.58,59.82,60.84,-1.09,-1.68,15809.39,101113.9152
20160415,002304.SZ,20160415,61.45,61.67,60.71,60.84,61.46,-0.66,-1.0,21525.14,140788.0779
20160414,002304.SZ,20160414,61.04,61.58,60.6,61.46,60.61,0.91,1.4,18897.25,123341.3912
20160413,002304.SZ,20160413,60.34,61.67,60.3,60.61,60.48,0.14,0.22,21780.17,142191.1462
20160412,002304.SZ,20160412,60.01,60.8,59.4,60.48,59.97,0.54,0.84,19773.51,127219.2791
20160411,002304.SZ,20160411,59.91,60.8,59.91,59.97,59.68,0.31,0.49,27033.2,174699.0845
20160408,002304.SZ,20160408,60.38,61.26,59.4,59.68,60.87,-1.27,-1.95,28929.91,186281.3166
20160407,002304.SZ,20160407,64.36,64.54,60.8,60.87,63.87,-3.21,-4.7,45458.55,301457.8872
20160406,002304.SZ,20160406,62.21,63.87,62.05,63.87,62.09,1.91,2.88,27170.72,184039.5609
20160405,002304.SZ,20160405,61.27,62.67,61.08,62.09,61.62,0.5,0.76,19652.01,130879.7923
20160401,002304.SZ,20160401,62.47,62.9,61.53,61.62,62.49,-0.93,-1.39,17237.1,114428.4201
20160331,002304.SZ,20160331,63.24,63.55,61.71,62.49,63.05,-0.6,-0.89,18685.03,124690.0858
20160330,002304.SZ,20160330,62.07,63.12,61.53,63.05,61.76,1.38,2.09,25756.29,172438.3443
20160329,002304.SZ,20160329,63.71,64.09,60.78,61.76,63.66,-2.03,-2.98,25897.77,172004.5389
20160328,002304.SZ,20160328,62.44,65.01,62.39,63.66,62.37,1.38,2.07,48545.15,332766.5057
20160325,002304.SZ,20160325,61.05,63.04,61.05,62.37,61.27,1.17,1.79,30503.12,204004.2435
20160324,002304.SZ,20160324,60.99,62.3,60.13,61.27,61.48,-0.22,-0.33,26760.96,175814.1316
20160323,002304.SZ,20160323,60.99,61.74,60.88,61.48,61.24,0.25,0.38,17048.57,112002.5928
20160322,002304.SZ,20160322,61.22,62.3,60.32,61.24,61.45,-0.22,-0.33,28977.85,190174.977
20160321,002304.SZ,20160321,59.42,61.62,59.42,61.45,59.87,1.69,2.64,32008.29,207018.2054
20160318,002304.SZ,20160318,60.15,60.74,59.23,59.87,60.15,-0.3,-0.47,38971.93,249536.1989
20160317,002304.SZ,20160317,58.76,60.77,58.63,60.15,58.84,1.4,2.23,22952.95,146496.5315
20160316,002304.SZ,20160316,58.65,59.49,57.54,58.84,59.12,-0.3,-0.47,18957.66,118734.2542
20160315,002304.SZ,20160315,59.87,60.0,58.02,59.12,60.12,-1.07,-1.66,27451.35,172608.4234
20160314,002304.SZ,20160314,61.28,62.01,59.87,60.12,61.12,-1.07,-1.64,35139.14,229152.4592
20160311,002304.SZ,20160311,60.99,61.84,60.33,61.12,62.02,-0.96,-1.45,14294.4,93573.0023
20160310,002304.SZ,20160310,60.68,62.82,60.34,62.02,60.8,1.3,2.0,31202.23,207399.7327
20160309,002304.SZ,20160309,59.87,61.63,59.41,60.8,60.85,-0.05,-0.08,19270.09,125304.0478
20160308,002304.SZ,20160308,60.99,61.91,59.52,60.85,60.8,0.05,0.08,22466.85,145332.2099
20160307,002304.SZ,20160307,62.01,63.61,60.47,60.8,61.8,-1.06,-1.6,29624.42,194937.6652
20160304,002304.SZ,20160304,59.84,62.82,59.15,61.8,59.87,2.06,3.22,65378.44,432803.7348
20160303,002304.SZ,20160303,58.48,61.27,58.0,59.87,58.51,1.45,2.32,28128.63,180482.6998
20160302,002304.SZ,20160302,55.0,58.75,55.0,58.51,55.38,3.35,5.66,35424.29,218835.6895
20160301,002304.SZ,20160301,53.65,55.85,53.65,55.38,53.61,1.89,3.3,21139.23,124121.4667
20160229,002304.SZ,20160229,55.33,56.16,53.6,53.61,55.05,-1.54,-2.62,20420.18,119951.1541
20160226,002304.SZ,20160226,53.99,56.39,53.51,55.05,53.98,1.14,1.98,26650.77,156758.7303
20160225,002304.SZ,20160225,57.15,57.71,53.13,53.98,57.15,-3.38,-5.53,25430.36,149513.0018
20160224,002304.SZ,20160224,57.06,57.53,56.44,57.15,57.53,-0.41,-0.67,18682.11,113813.5544
20160223,002304.SZ,20160223,56.03,57.81,55.74,57.53,56.05,1.58,2.64,35471.47,216637.0265
20160222,002304.SZ,20160222,55.22,56.2,54.73,56.05,55.09,1.03,1.75,23579.56,140120.954
20160219,002304.SZ,20160219,54.72,55.16,54.12,55.09,54.88,0.22,0.38,17089.4,99776.4976
20160218,002304.SZ,20160218,56.13,56.34,54.72,54.88,55.94,-1.13,-1.89,25319.07,149832.0919
20160217,002304.SZ,20160217,56.05,56.31,55.49,55.94,56.05,-0.12,-0.2,18274.23,109006.3217
20160216,002304.SZ,20160216,54.91,56.57,54.91,56.05,54.81,1.33,2.27,17977.59,107478.8687
20160215,002304.SZ,20160215,55.65,55.72,54.26,54.81,56.03,-1.31,-2.19,16788.03,98506.6198
20160205,002304.SZ,20160205,55.72,57.02,55.72,56.03,55.69,0.37,0.62,16860.16,101397.1086
20160204,002304.SZ,20160204,56.2,57.03,55.59,55.69,55.73,-0.05,-0.08,16595.55,99955.6322
20160203,002304.SZ,20160203,55.41,56.12,55.41,55.73,55.75,-0.02,-0.03,9630.37,57359.1376
20160202,002304.SZ,20160202,54.91,56.18,54.75,55.75,54.9,0.91,1.55,16000.95,95177.9049
20160201,002304.SZ,20160201,54.41,55.75,54.39,54.9,55.01,-0.12,-0.2,17417.11,102438.8883
20160129,002304.SZ,20160129,52.95,55.24,52.91,55.01,53.41,1.71,2.99,19014.33,110753.4819
20160128,002304.SZ,20160128,54.91,55.47,53.32,53.41,54.72,-1.4,-2.39,17106.06,99330.8304
20160127,002304.SZ,20160127,56.14,57.06,53.83,54.72,56.04,-1.41,-2.35,30925.4,181213.3562
20160126,002304.SZ,20160126,56.36,58.62,55.81,56.04,56.07,-0.03,-0.05,41454.26,254341.0976
20160125,002304.SZ,20160125,55.1,57.15,54.8,56.07,54.36,1.83,3.15,27241.61,164018.4365
20160122,002304.SZ,20160122,55.38,55.66,53.8,54.36,54.68,-0.34,-0.58,15629.04,91115.0311
20160121,002304.SZ,20160121,54.62,56.77,54.62,54.68,55.19,-0.55,-0.93,14997.21,89285.8453
20160120,002304.SZ,20160120,57.04,57.43,55.19,55.19,57.46,-2.42,-3.94,22707.41,135510.3572
20160119,002304.SZ,20160119,55.74,57.7,55.19,57.46,55.98,1.58,2.64,16913.77,102857.9546
20160118,002304.SZ,20160118,54.26,56.66,53.96,55.98,55.75,0.24,0.4,17696.93,105869.563
20160115,002304.SZ,20160115,56.88,56.88,55.19,55.75,56.95,-1.28,-2.1,12515.17,74884.7225
20160114,002304.SZ,20160114,54.26,57.05,53.79,56.95,55.07,2.01,3.41,16249.82,96802.7558
20160113,002304.SZ,20160113,56.18,57.25,54.71,55.07,56.17,-1.18,-1.97,17225.38,103123.713
20160112,002304.SZ,20160112,55.84,56.55,54.89,56.17,55.38,0.85,1.44,13974.5,83540.6135
20160111,002304.SZ,20160111,56.77,56.77,54.84,55.38,57.08,-1.82,-2.98,34523.05,205713.498
20160108,002304.SZ,20160108,58.98,60.0,56.69,57.08,57.39,-0.33,-0.54,46217.47,287134.4843
20160107,002304.SZ,20160107,61.27,61.92,57.06,57.39,62.43,-5.39,-8.08,4375.67,27726.2385
20160106,002304.SZ,20160106,62.57,63.6,61.32,62.43,62.67,-0.25,-0.37,34954.12,232404.0963
20160105,002304.SZ,20160105,59.36,64.44,59.03,62.67,59.94,2.91,4.54,29845.06,197827.1837
20160104,002304.SZ,20160104,64.05,65.19,59.78,59.94,64.12,-4.46,-6.51,26506.92,180872.0595
