,ts_code,trade_date,open,close,high,low,pre_close,change,pct_chg,vol,amount
0,000300.SH,20181203,3144.7631,3256.2282,3267.94,3134.3845,3172.69,88.2602,2.7819,348696059.0,417172752.9
1,000300.SH,20181126,3260.9502,3152.7743,3273.6397,3126.289,3143.4752,-2.2318,-0.071,403196454.0,449620540.31000006
2,000300.SH,20181119,3141.2434,3268.0768,3278.7845,3131.636,3257.6735,36.9296,1.1336,402596566.0,420816139.1
3,000300.SH,20181112,3294.6031,3164.9222,3294.6031,3161.0979,3167.4442,37.6965,1.1901,581694363.0,589677387.1
4,000300.SH,20181105,3205.1407,3254.9778,3270.5003,3152.4399,3290.2455,-27.4104,-0.8331,424244359.0,464297726.0
5,000300.SH,20181029,3262.8351,3061.93,3290.2455,3050.7709,3173.635,-96.7461,-3.0484,623103722.0,696757670.911
6,000300.SH,20181022,3076.8889,3273.1271,3276.0205,3062.5803,3134.9455,135.3277,4.3167,532013945.0,591385167.5
7,000300.SH,20181015,3270.2732,3128.5764,3297.3803,3009.4983,3170.7262,-44.2746,-1.3964,464198560.0,522645574.0999999
8,000300.SH,20181008,3126.4516,3290.1705,3315.7309999999998,3094.9657,3438.8649,-147.9661,-4.3028,420373618.0,464823607.823
9,000300.SH,20180917,3290.8988,3193.6423,3448.2595,3193.6423,3242.0902,-37.1678,-1.1464,746832785.0,892129667.2469999
10,000300.SH,20180910,3204.9224,3229.7052,3254.1043,3191.3975,3277.6438,-47.5757,-1.4515,292799718.0,359629253.956
11,000300.SH,20180903,3230.0681,3324.1859999999997,3370.9629999999997,3227.8481,3334.5036,-12.6788,-0.3802,321455442.0,403360868.6
12,000300.SH,20180827,3321.8248,3408.1502,3416.5929,3291.7842,3325.3347,81.2388,2.443,353486542.0,431641877.03300005
13,000300.SH,20180820,3406.5735,3271.8402,3406.5735,3270.0302,3229.6198,37.63,1.1652,345140953.0,436845974.58699995
14,000300.SH,20180813,3267.2498,3386.4832,3391.7290000000003,3209.0115,3405.0191,-14.675,-0.431,343672508.0,418209197.33
15,000300.SH,20180806,3390.3441,3284.9785,3424.0411,3263.4986,3315.2839,-42.0111,-1.2672,408185184.0,483777264.14599997
16,000300.SH,20180730,3273.2728,3510.4744,3543.6059999999998,3257.6856,3521.2269,-6.1475,-0.1746,408410154.0,498814628.77099997
17,000300.SH,20180723,3515.0794,3530.6641,3596.5128,3489.5494,3492.8938,32.8565,0.9407,496315676.0,572578205.8840001
18,000300.SH,20180716,3525.7503,3466.4236,3527.5335,3398.9532,3492.6897,-20.6038,-0.5899,418012476.0,529240229.15099996
19,000300.SH,20180709,3472.0859,3464.9064,3506.2355,3375.1441,3365.1227,94.061,2.7952,379181233.0,488148940.655
20,000300.SH,20180702,3459.1837,3410.4767,3459.3153,3295.7296,3510.9845,-103.0207,-2.9342,414723795.0,531492004.206
21,000300.SH,20180625,3407.9638,3521.5876,3541.782,3383.5006,3608.9046,-48.4269,-1.3419,404003617.0,519549499.231
22,000300.SH,20180611,3560.4777,3783.1858,3830.4709999999995,3542.4564,3779.6159,0.3659,0.0097,789872563.0,1040786940.843
23,000300.SH,20180604,3779.9818,3811.2852,3859.8476,3756.5148,3770.5891,36.989000000000004,0.981,384107913.0,554185942.662
24,000300.SH,20180528,3807.5781,3824.1909,3841.7794,3722.0719,3816.498,16.7619,0.4392,416578995.0,584774312.885
25,000300.SH,20180521,3833.2599,3918.8153,3918.8153,3799.3207,3903.0637,18.1784,0.4657,369793637.0,502645250.614
26,000300.SH,20180514,3921.2421,3920.1395,3937.4607,3841.8959999999997,3872.8383,36.455,0.9413,372249017.0,517082578.618
27,000300.SH,20180507,3909.2933,3834.6141,3919.2999,3833.7290000000003,3774.5981,59.5896,1.5787,386928535.0,561259404.4200001
28,000300.SH,20180423,3834.1877,3769.8787,3854.4292,3714.6444,3760.8543,5.4714,0.1455,705177140.0,986830601.9319999
29,000300.SH,20180416,3766.3257,3812.8746,3824.0321,3708.1068,3871.1443,-62.2813,-1.6089,485980772.0,632430245.579
30,000300.SH,20180409,3808.863,3860.7225,3958.7071,3789.6121,3854.8625,-1.9333,-0.0502,471568206.0,616494850.168
31,000300.SH,20180402,3852.9292,3850.1546,3898.6126,3827.4133,3898.4977,-11.5788,-0.297,267973440.0,381810277.552
32,000300.SH,20180326,3886.9189,3927.492,3937.0183,3794.2617,3904.9355,-25.0425,-0.6413,540579621.0,780452641.1040001
33,000300.SH,20180319,3879.893,4045.7428,4110.1158,3829.9155,4056.4226,17.8253,0.4394,562529604.0,754484542.4360001
34,000300.SH,20180312,4074.2479,4124.3312,4130.2829,4033.5216,4108.8652,18.801,0.4576,465340065.0,639903729.8770001
35,000300.SH,20180305,4127.6662,4034.9854,4139.5259,3998.9317,4016.461,1.636,0.0407,591479227.0,771969310.2530001
36,000300.SH,20180226,4018.097,4120.8712,4120.8712,3986.8947,4071.0889,47.3297,1.1626,529595463.0,717311307.532
37,000300.SH,20180212,4118.4186,3925.5955,4128.7435,3923.1267,3840.6527,49.4519,1.2876,526798541.0,683132846.301
38,000300.SH,20180205,3890.1046,4182.3257,4212.5677,3759.1463,4271.2326,2.9138,0.0682,899840393.0,1136616754.488
39,000300.SH,20180129,4274.1464,4286.6834,4308.5115,4181.7793,4381.2996,-79.2815,-1.8095,781662454.0,1028812674.905
40,000300.SH,20180122,4302.0181,4346.8885,4403.3375,4287.1124,4285.395,51.2024,1.1948,985389015.0,1271399894.208
41,000300.SH,20180115,4336.5974,4215.6247,4338.4832,4213.1275,4225.001,0.2383,0.0056,931972606.0,1230630222.151
42,000300.SH,20180108,4225.2393,4157.5394,4262.9314,4153.5021,4138.7505,21.409000000000002,0.5173,693997190.0,939825436.313
43,000300.SH,20171225,4160.1595,4040.6173,4166.3182,3980.2358,4054.5984,-13.0583,-0.3221,1161520921.0,1505398386.732
44,000300.SH,20171218,4041.5401,3985.8233,4086.9342,3985.8233,3980.8558,4.4356,0.1114,430370223.0,614995938.5109999
45,000300.SH,20171211,3985.2914,4068.5053,4070.1503,3967.9343,4003.3792,66.1205,1.6516,409551475.0,583807005.5530001
46,000300.SH,20171204,4069.4997,4007.9361,4069.4997,3955.44,3998.1365,20.7206,0.5183,540059133.0,732951634.744
47,000300.SH,20171127,4018.8571,4034.2057,4069.2418,3982.3182,4104.2034,-54.2559,-1.3219999999999998,534629214.0,721346919.9860001
48,000300.SH,20171120,4049.9475,4131.8482,4260.6395,4037.1457,4120.8508,22.9826,0.5577,819288360.0,1111054008.612
49,000300.SH,20171113,4143.8334,4129.2736,4144.5144,4055.7167,4111.9112,16.1621,0.3931,714488423.0,994930916.5680001
50,000300.SH,20171106,4128.0733,4022.4018,4137.6455,4021.3639,3992.6979,28.1917,0.7061,717264191.0,958988541.2310001
51,000300.SH,20171030,4020.8896,3995.3935,4032.4581,3963.0263,4021.9676,-12.2458,-0.3045,617182336.0,778409626.8560001
52,000300.SH,20171023,4009.7218,3926.2299,4033.3394,3922.0288,3926.8520000000003,3.9461,0.1005,595219526.0,743965748.2160001
53,000300.SH,20171016,3930.7981,3910.7894,3944.4106,3900.4758,3921.0017,-7.5555,-0.1927,444203480.0,561129234.523
54,000300.SH,20171009,3913.4462,3883.0037,3947.4239,3855.4666,3836.5013,45.7063,1.1914,522788759.0,690418337.572
55,000300.SH,20170925,3882.2076,3810.3333,3918.8391,3808.3827,3837.7304,-19.9389,-0.5195,489911166.0,613980402.982
56,000300.SH,20170918,3817.7915,3849.8794,3860.7977,3811.1192,3831.2965,11.8463,0.3092,529229499.0,689044367.1110001
57,000300.SH,20170911,3843.1428,3832.2422,3862.3589,3818.5234,3825.9895,-0.3442,-0.009000000000000001,595321021.0,763289555.7889999
58,000300.SH,20170904,3825.6453,3845.5451,3865.2938,3813.9833,3830.5383,15.078,0.3936,610167560.0,747528951.9510001
59,000300.SH,20170828,3845.6163,3839.1779,3854.7062,3800.8861,3795.7544,46.9575,1.2371,710736693.0,840614522.017
60,000300.SH,20170821,3842.7119,3745.7543,3866.9422,3729.0876,3724.6748,16.3193,0.4381,610719026.0,750091617.116
61,000300.SH,20170814,3740.9941,3695.78,3744.2631,3679.7338,3647.3503,47.3328,1.2977,516110027.0,636082679.976
62,000300.SH,20170807,3694.6831,3724.3287,3746.8614,3645.0945,3707.5796,19.2152,0.5183,657702917.0,733028001.1510001
63,000300.SH,20170731,3726.7948,3738.7364,3784.3511,3689.9552,3721.8914,15.9818,0.4294,752695456.0,829816025.459
64,000300.SH,20170724,3737.8732,3742.6405,3752.1559,3672.4971,3728.5976,14.870999999999999,0.3988,662840604.0,728388881.5610001
65,000300.SH,20170717,3743.4686,3648.4942,3755.1902,3622.0414,3703.094,-39.5365,-1.0677,702319830.0,805266393.3310001
66,000300.SH,20170710,3663.5575,3646.8783,3716.47,3621.3652,3655.9293,-2.2425,-0.0613,651053772.0,752206344.6340001
67,000300.SH,20170703,3653.6868,3646.828,3667.8455,3610.4586,3666.7977,-15.9514,-0.435,510010490.0,643039128.836
68,000300.SH,20170626,3650.8463,3665.5775,3676.5328,3633.7825,3622.8831,45.2088,1.2479,451399946.0,577045115.5569999
69,000300.SH,20170619,3668.0919,3560.7871,3671.9435,3539.5149,3518.7611,34.9042,0.9919,543663499.0,689466149.713
70,000300.SH,20170612,3553.6653,3569.1594,3584.4094,3508.9461,3576.1703,-1.7809,-0.0498,397870304.0,496416950.4500001
71,000300.SH,20170605,3574.3894,3464.3765,3603.6901,3460.4534,3486.5074,-17.7536,-0.5092,450303693.0,553485090.8249999
72,000300.SH,20170522,3468.7538,3405.0254,3515.0812,3383.8922,3403.8492,7.3895,0.2171,804790608.0,879125535.9510001
73,000300.SH,20170515,3411.2387,3390.925,3433.9695,3373.552,3385.3787,13.815,0.4081,454751926.0,488876924.257
74,000300.SH,20170508,3399.1937,3342.5981,3406.5809999999997,3312.8921,3382.5502,-23.7377,-0.7018,454471263.0,489005649.03300005
75,000300.SH,20170424,3358.8125,3427.7322,3466.5651,3339.5743,3466.7865,-35.5278,-1.0248,952536734.0,1038114187.295
76,000300.SH,20170417,3431.2587,3474.8892,3489.0845,3403.9792,3486.5045,-6.5628,-0.1882,565541196.0,625805460.245
77,000300.SH,20170410,3479.9417,3503.8294,3523.0975,3453.6759,3517.4634,-12.3242,-0.3504,730391221.0,779267525.6980001
78,000300.SH,20170327,3505.1392,3480.2490000000003,3526.815,3422.366,3489.5997,-11.5612,-0.3313,959347544.0,1041504468.98
79,000300.SH,20170320,3478.0385,3449.7696,3505.9789,3433.4994,3445.8051,3.8075,0.1105,519623021.0,619348194.284
80,000300.SH,20170313,3449.6126,3456.6584,3492.1267,3429.8254,3427.8916,30.2064,0.8812,455006712.0,540207716.92
81,000300.SH,20170306,3458.098,3446.1628,3458.098,3412.6879,3427.8628,18.6212,0.5432,406193114.0,464349634.263
82,000300.SH,20170227,3446.4840000000004,3445.0274,3472.6962,3412.8312,3473.8517,-27.6289,-0.7953,432439225.0,474361443.965
83,000300.SH,20170220,3446.2228,3475.0584,3492.9616,3441.3938,3421.4419,49.9507,1.4599,511401626.0,543169817.138
84,000300.SH,20170213,3471.3926,3438.511,3472.6035,3417.0811,3413.4868,22.7882,0.6676,577958663.0,577714747.2590001
85,000300.SH,20170206,3436.275,3371.7695,3439.5432,3347.4302,3364.4923,8.7128,0.259,480629114.0,502003722.599
86,000300.SH,20170123,3373.2051,3363.1374,3395.8848,3355.8990000000003,3354.8891,9.1917,0.27399999999999997,313598025.0,325543853.419
87,000300.SH,20170116,3364.0808,3305.6001,3378.7388,3292.2044,3319.9122,-0.4667,-0.0141,347094323.0,361628876.587
88,000300.SH,20170109,3319.4455,3361.6394,3370.5051,3264.2071,3347.6665,16.2349,0.485,498089457.0,482134930.6
89,000300.SH,20161226,3363.9014,3319.2061,3373.4119,3288.0959,3307.5991,14.8015,0.4475,722440971.0,760076134.6739999
90,000300.SH,20161219,3322.4006,3328.2985,3342.4761,3267.0481,3346.0305,-17.0478,-0.5095,475340531.0,482366401.839
91,000300.SH,20161212,3328.9827,3394.2072,3416.2147,3324.9986,3493.7004,-84.521,-2.4192,532489601.0,556352570.3859999
92,000300.SH,20161205,3409.1794,3466.2417,3507.9276,3400.7929999999997,3528.9547,-59.5474,-1.6874,685029174.0,712036864.63
93,000300.SH,20161128,3469.4073,3525.9011,3583.7185,3457.3433,3521.2984,13.7823,0.3914,972857130.0,1032558996.1769999
94,000300.SH,20161121,3535.0807,3443.2201,3553.3603,3443.2201,3417.4554,23.6552,0.6922,837655240.0,890261183.49
95,000300.SH,20161114,3441.1106,3428.8663,3463.1423,3412.0801,3417.2211,13.0271,0.3812,648322296.0,650616449.605
96,000300.SH,20161107,3430.2482,3367.6974,3452.6159,3322.0798,3354.1749,2.4167,0.0721,788992477.0,782603155.9729999
97,000300.SH,20161031,3356.5916,3338.7099,3379.9889,3324.8378,3340.1262,-3.8484,-0.1152,496306450.0,527637789.192
98,000300.SH,20161024,3336.2778,3367.4753,3373.9139,3317.3279,3327.74,39.8378,1.1971,451332502.0,486036635.9660001
99,000300.SH,20161017,3367.5778,3272.6815,3382.8259,3272.6815,3305.8481,-27.9694,-0.8461,546066831.0,540638515.643
100,000300.SH,20161010,3277.8787,3296.8672,3309.0097,3271.5413,3253.2848,40.5841,1.2475,406036922.0,410209099.137
101,000300.SH,20160926,3293.8689,3214.8704,3294.6409,3214.4414,3275.6665,-55.3827,-1.6907,284137886.0,323131561.874
102,000300.SH,20160919,3220.2838,3264.6649,3303.1993,3220.2838,3238.7299,24.3943,0.7532,316126899.0,367322748.899
103,000300.SH,20160912,3263.1242,3265.3373,3269.2224,3231.3355,3318.0440000000003,-55.4397,-1.6709,196444067.0,224321422.309
104,000300.SH,20160905,3262.6043,3322.018,3357.3567,3234.573,3314.1142,5.5661,0.168,478714980.0,547156608.5519999
105,000300.SH,20160829,3319.6803,3310.3188,3338.4197,3295.7554,3307.0902,0.691,0.0209,401328291.0,476566992.16400003
106,000300.SH,20160822,3307.7812,3332.6209999999996,3359.6477,3279.8064,3365.0197,-28.2248,-0.8388,433272122.0,496319512.169
107,000300.SH,20160815,3336.7949,3403.3839,3418.6884,3335.4695,3294.2337,99.1902,3.011,705530113.0,830543785.046
108,000300.SH,20160808,3393.4239,3232.603,3417.9147,3229.1741,3205.1101,29.0732,0.9071,619334309.0,717329809.8069999
109,000300.SH,20160801,3234.1833,3173.7576,3234.4795,3165.5422,3203.9304,-27.1213,-0.8465,372408531.0,434382335.252
110,000300.SH,20160725,3176.8091,3228.2340000000004,3276.5112,3156.7488,3225.1621,5.7229,0.1774,529068052.0,630575686.118
111,000300.SH,20160718,3230.885,3260.4349,3271.3739,3218.1419,3276.2775,-14.2553,-0.4351,403825254.0,505373164.03400004
112,000300.SH,20160711,3262.0222,3201.9062,3300.9912,3200.3034,3192.2804,11.0494,0.3461,668233649.0,770501979.2639999
113,000300.SH,20160704,3203.3298,3199.1572,3235.9623,3183.4511,3154.2003,50.4959,1.6009,601983921.0,697972022.6889999
114,000300.SH,20160627,3204.6962,3107.3979,3210.6016,3099.7012,3077.1554,43.3889,1.41,480497734.0,576894373.3429999
115,000300.SH,20160620,3120.5443,3124.8984,3155.4927,3033.9651,3110.3572,2.3172,0.0745,410263663.0,493348437.132
116,000300.SH,20160613,3112.6744,3058.4433,3131.0485,3042.2328,3163.9864,-97.6451,-3.0861,385637543.0,450889913.875
117,000300.SH,20160606,3066.3413,3182.4374,3186.6167,3065.7674,3189.3255,-10.5372,-0.3304,238196036.0,300485729.29
118,000300.SH,20160530,3178.7883,3068.5964,3201.7492,3068.5964,3062.4993,4.2102,0.1375,516200554.0,617700880.907
119,000300.SH,20160523,3066.7095,3083.2441,3089.1022,3027.4440000000004,3078.2183,9.0042,0.2925,299347498.0,313276103.983
120,000300.SH,20160516,3087.2225,3095.5229,3105.2013,3039.4618,3074.9351,20.3734,0.6626,324215718.0,367989058.541
121,000300.SH,20160509,3095.3085,3055.2119,3103.0955,3035.0228,3130.3544,-64.73899999999999,-2.0681,351501530.0,369649160.764
122,000300.SH,20160425,3065.6154,3159.7706,3222.8816,3055.0057,3174.9012,-12.8681,-0.4053,718596958.0,806328360.5159999
123,000300.SH,20160418,3162.0331,3243.9712,3250.7253,3107.3693,3272.2053,-43.7522,-1.3371,492429792.0,530803079.70699996
124,000300.SH,20160411,3228.4531,3227.3673,3296.5228,3198.9027,3185.7258,44.3699,1.3928,598538228.0,629155735.12
125,000300.SH,20160328,3230.0957,3171.3138,3271.9301,3122.7605,3197.8169,-28.0886,-0.8784,1059643350.0,1210339858.709
126,000300.SH,20160321,3169.7283,3231.6146,3249.6772,3161.8782,3171.9629999999997,77.4742,2.4425,620668568.0,751254742.5459999
127,000300.SH,20160314,3249.4372,3061.3427,3267.7751,3028.5781,3018.2844,47.406000000000006,1.5706,775282194.0,830889862.0929999
128,000300.SH,20160307,3065.6904,3100.1492,3109.2499,2982.1722,3093.8895,10.9502,0.3539,514216403.0,511144000.739
129,000300.SH,20160229,3104.8397,2881.3353,3130.9032,2863.3228,2948.0306,-70.564,-2.3936,816758580.0,773336107.0519999
130,000300.SH,20160222,2877.4666,3117.2027,3119.2209,2821.2149,3051.585,67.2825,2.2048,618470542.0,604860486.35
131,000300.SH,20160215,3118.8675,2962.1871,3128.2069,2962.1871,2963.7894,-17.0828,-0.5764,593557694.0,589731867.143
132,000300.SH,20160201,2946.7066,2901.5284,2999.2061,2886.0183,2946.0902,-45.0425,-1.5289,407540929.0,403835941.034
133,000300.SH,20160125,2901.0477,3099.5957,3106.5302,2839.2899,3113.4626,15.4234,0.4954,558485644.0,542306008.401
134,000300.SH,20160118,3128.886,3132.7047,3227.908,3053.9581,3118.7301,11.9988,0.3847,540985278.0,590740784.127
135,000300.SH,20160111,3130.7289,3214.8234,3257.2953,3066.7270000000003,3361.5632,-169.1133,-5.0308,609160126.0,659047597.766
136,000300.SH,20160104,3192.4499,3382.1769,3543.7394,3192.4499,3731.0047,-261.9385,-7.0206,712783607.0,792057998.378
137,000300.SH,20151228,3469.0662,3723.0498,3772.6166,3468.9485,3838.2009999999996,-110.5694,-2.8808,424759740.0,587161056.348
138,000300.SH,20151221,3727.6316,3872.0975,3926.6857,3727.6316,3767.913,98.052,2.6023,808114658.0,1115532212.413
139,000300.SH,20151214,3865.965,3707.7304,3877.82,3677.4495,3608.0587,103.2633,2.862,806649763.0,1111644275.724
140,000300.SH,20151207,3711.322,3668.8385,3712.5026,3570.9978,3677.5922,10.0151,0.2723,621413730.0,834799563.104
141,000300.SH,20151130,3687.6073,3562.3186,3758.4457,3536.1156,3556.9924,9.4198,0.2648,812920217.0,1031912143.257
142,000300.SH,20151123,3566.4122,3745.7607,3805.8435,3455.0679,3774.3833,-21.0482,-0.5577,850994213.0,1137273804.872
143,000300.SH,20151116,3753.3351,3790.4261,3852.7743,3706.3103,3746.2422,17.884,0.4774,951433056.0,1300770228.078
144,000300.SH,20151109,3764.1262,3806.6685,3876.4901,3680.0734,3793.3739,46.9808,1.2385,1101472338.0,1499810598.446
145,000300.SH,20151102,3840.3547,3484.7218,3891.7729999999997,3452.6203,3534.0788,-58.1165,-1.6445,1360430208.0,1747266718.355
146,000300.SH,20151026,3475.9623,3569.4486,3601.0529,3474.7116,3571.2411,18.02,0.5046,759188166.0,964169699.64
147,000300.SH,20151019,3589.2611,3527.875,3620.7564,3417.4123,3534.0653,0.1168,0.0033,1047950079.0,1294545613.8760002
148,000300.SH,20151012,3534.1821,3422.4772,3572.9945,3402.3162,3340.1159,107.5775,3.2208,885337476.0,1058562550.531
149,000300.SH,20150928,3447.6934,3197.2209,3486.6306,3159.0419,3231.9514,10.800999999999998,0.3342,643544718.0,765131521.7989999
150,000300.SH,20150921,3242.7524,3312.3655,3371.4139,3186.5066,3251.2732,56.9735,1.7523,567043408.0,655809116.555
151,000300.SH,20150914,3308.2467,3208.744,3354.9052,3131.3703,3347.1878,-66.0561,-1.9735,702359665.0,771604785.474
152,000300.SH,20150907,3281.1317,3221.789,3426.6509,3170.8070000000002,3365.8318,-115.3468,-3.427,833954782.0,951649775.659
153,000300.SH,20150831,3250.485,3296.5289,3422.2246,3190.5783,3342.2863,24.2496,0.7255,904472371.0,922131007.898
154,000300.SH,20150824,3366.5359,3070.0069,3368.2789,2952.0082,3589.5358,-314.0016,-8.7477,1431395688.0,1497492939.6619995
155,000300.SH,20150817,3275.5342,4084.3108,4103.0535,3266.5499,4073.54,4.3321,0.1063,1274521929.0,1577047008.744
156,000300.SH,20150810,4077.8721,4083.5887,4113.1585,3967.8205,3906.9448,177.4198,4.5411,1330350000.0,1753590885.445
157,000300.SH,20150803,4084.3646,3827.3726,4101.7313,3793.237,3816.6993,12.5361,0.3285,1058129212.0,1405230520.706
158,000300.SH,20150727,3829.2354,3690.9741,3968.5338,3627.4214,4176.2787,-357.5473,-8.5614,1400230523.0,1840237423.431
159,000300.SH,20150720,3818.7314,4109.7606,4299.6497,3817.1693,4151.4956,9.1164,0.2196,1748892585.0,2371354227.015
160,000300.SH,20150713,4160.612,4178.6295,4258.5132,3856.3213,4106.5561,105.2555,2.5631,1890690324.0,2440727687.762
161,000300.SH,20150706,4211.8116,3877.8539,4278.1612,3537.8259999999996,3885.9169,112.6201,2.8982,2767516702.0,3289160323.852
162,000300.SH,20150629,3998.5370000000003,4161.0672,4526.1271,3785.9015,4336.1947,-144.6461,-3.3358,2493224265.0,3250658021.1540003
163,000300.SH,20150615,4191.5486,5165.0245,5204.303,4000.9261,5335.1151,-113.9486,-2.1358,3749465304.0,5426225857.240999
164,000300.SH,20150608,5221.1665,5379.47,5380.4259999999995,5207.3081,5230.552,123.199,2.3554,2310808783.0,3703976847.916
165,000300.SH,20150601,5353.751,5091.272,5370.609,4863.465,4840.829000000001,235.35,4.8618,2493273167.0,3870402478.22
166,000300.SH,20150525,5076.179,5140.798,5226.844,4665.521,4951.335,148.16,2.9923,2375959736.0,3727181350.399
167,000300.SH,20150518,5099.495,4577.637,5099.839,4577.637,4617.47,-42.33,-0.9167,1904604545.0,3095750317.7770004
168,000300.SH,20150511,4575.14,4692.122,4758.002,4565.061,4558.404,132.128,2.8986,1683121122.0,2651600942.8780003
169,000300.SH,20150504,4690.532,4785.192,4785.192,4445.592000000001,4749.8859999999995,37.855,0.797,1810498918.0,2708595262.659
170,000300.SH,20150427,4787.741,4811.319,4839.0779999999995,4695.793,4702.641,104.95100000000001,2.2317,1781266822.0,2639991014.649
171,000300.SH,20150420,4807.592000000001,4520.460999999999,4810.485,4504.558,4596.1359999999995,-74.217,-1.6148,2497189221.0,3694731567.774
172,000300.SH,20150413,4521.919,4432.126,4671.168,4335.63,4344.416,76.657,1.7645,2568431743.0,3436891675.927
173,000300.SH,20150330,4421.073,4138.885,4432.024,4037.7709999999997,3971.697,116.48100000000001,2.9328,3522035218.0,4989548044.645
174,000300.SH,20150323,4088.178,3980.066,4101.651,3883.782,3892.574,79.487,2.042,1922359562.0,2500682609.52
175,000300.SH,20150316,3972.0609999999997,3733.961,3972.296,3716.809,3617.657,88.014,2.4329,1971300781.0,2466910771.7790003
176,000300.SH,20150309,3705.671,3523.64,3705.739,3511.985,3478.52,59.23,1.7027,1171183182.0,1459076717.413
177,000300.SH,20150302,3537.75,3579.315,3579.315,3417.486,3572.843,28.421999999999997,0.7955,1094497740.0,1383528217.815
178,000300.SH,20150216,3601.265,3511.5440000000003,3608.691,3456.8709999999996,3469.828,29.655,0.8547,1031158665.0,1303032244.214
179,000300.SH,20150209,3499.4829999999997,3345.077,3509.505,3339.548,3312.42,33.501,1.0114,826735865.0,1046261648.4289999
180,000300.SH,20150202,3345.921,3388.6020000000003,3487.9509999999996,3285.935,3434.39,-80.43,-2.3419,999599060.0,1238857697.892
181,000300.SH,20150126,3353.96,3614.038,3616.258,3347.085,3571.732,36.253,1.015,1107171109.0,1350453904.704
182,000300.SH,20150119,3607.985,3336.7929999999997,3627.8059999999996,3325.6809999999996,3635.1459999999997,-279.991,-7.7023,1424563416.0,1823798905.611
183,000300.SH,20150112,3355.155,3506.4509999999996,3662.158,3330.9809999999998,3546.723,-33.147,-0.9346,1233165702.0,1517114107.555
184,000300.SH,20150105,3513.5759999999996,3608.428,3689.7529999999997,3461.322,3533.705,107.836,3.0516,1652706309.0,2017561001.44
185,000300.SH,20141229,3641.5409999999997,3450.8140000000003,3669.042,3422.1740000000004,3445.8390000000004,9.616,0.2791,1125366731.0,1318168477.993
186,000300.SH,20141222,3455.455,3358.798,3524.28,3188.495,3383.167,11.314,0.3344,1806614388.0,1990675449.059
187,000300.SH,20141215,3394.4809999999998,3221.3579999999997,3455.2070000000003,3207.688,3193.2270000000003,24.000999999999998,0.7516,2123248085.0,2342213082.658
188,000300.SH,20141208,3217.228,3233.097,3387.827,3058.191,3124.885,127.99600000000001,4.096,2016244125.0,2236880513.75
189,000300.SH,20141201,3252.881,2807.3379999999997,3270.881,2804.2929999999997,2808.8190000000004,10.993,0.3914,2263778539.0,2310054837.717
190,000300.SH,20141124,2819.812,2650.085,2855.3320000000003,2643.843,2583.455,65.803,2.5471,1472849993.0,1376467092.292
191,000300.SH,20141117,2649.258,2565.2729999999997,2667.671,2522.8360000000002,2581.093,-13.992,-0.5421,802106053.0,744149635.5639999
192,000300.SH,20141110,2567.101,2578.438,2614.0860000000002,2532.572,2502.153,63.577,2.5409,1051741592.0,909807924.4660001
193,000300.SH,20141103,2565.73,2511.036,2565.73,2482.9829999999997,2508.325,4.223,0.1684,993750630.0,784743215.8739997
194,000300.SH,20141027,2512.548,2373.155,2524.172,2373.155,2390.706,-21.874000000000002,-0.915,894707110.0,697240436.887
195,000300.SH,20141020,2368.8320000000003,2453.406,2459.255,2361.68,2441.732,12.979000000000001,0.5315,437227260.0,386477104.96699995
196,000300.SH,20141013,2454.7110000000002,2451.094,2480.3,2410.401,2466.7889999999998,-11.843,-0.4801,645557579.0,547063689.099
197,000300.SH,20140929,2454.946,2452.166,2488.113,2430.5460000000003,2437.201,10.597999999999999,0.4348,654909422.0,573868746.941
198,000300.SH,20140922,2447.799,2379.521,2462.6679999999997,2379.521,2425.2110000000002,-46.291000000000004,-1.9087,589109983.0,514687401.852
199,000300.SH,20140915,2378.92,2440.339,2442.924,2374.1079999999997,2438.3579999999997,-1.169,-0.0479,631992642.0,514574067.24599993
200,000300.SH,20140901,2437.189,2359.862,2461.473,2349.949,2338.2870000000003,17.03,0.7283,1080754772.0,1003803736.85
201,000300.SH,20140825,2355.317,2339.6,2355.552,2309.639,2365.364,-22.500999999999998,-0.9513,372543391.0,343501883.489
202,000300.SH,20140818,2342.863,2378.886,2379.474,2333.299,2360.635,13.927,0.59,505025974.0,457134583.676
203,000300.SH,20140811,2374.562,2361.17,2379.804,2333.123,2331.134,34.215,1.4677,498341990.0,433447598.8250001
204,000300.SH,20140804,2365.349,2376.797,2380.774,2319.288,2329.402,46.218,1.9841,523273693.0,444422290.466
205,000300.SH,20140728,2375.62,2326.038,2375.62,2316.058,2260.4539999999997,63.443000000000005,2.8066,611311386.0,516101500.687
206,000300.SH,20140721,2323.897,2162.436,2331.472,2162.236,2164.144,2.151,0.0994,561034160.0,463220464.467
207,000300.SH,20140714,2166.295,2170.089,2183.248,2145.446,2148.009,23.749000000000002,1.1056,332475047.0,273276124.649
208,000300.SH,20140707,2171.758,2174.828,2180.778,2134.795,2178.695,-2.406,-0.1104,296031279.0,267948098.668
209,000300.SH,20140630,2176.2889999999998,2169.199,2186.202,2155.609,2150.258,14.86,0.6911,279792731.0,254888792.86700004
210,000300.SH,20140623,2165.118,2131.686,2168.221,2126.035,2136.729,-2.6189999999999998,-0.1226,229208706.0,208992902.221
211,000300.SH,20140616,2134.11,2185.681,2185.681,2119.498,2176.242,15.613,0.7174,236133184.0,207350959.923
212,000300.SH,20140609,2191.855,2138.6710000000003,2196.343,2132.447,2134.716,-0.435,-0.0204,258647214.0,227649073.529
213,000300.SH,20140526,2134.281,2154.395,2178.092,2117.313,2148.4139999999998,7.562,0.35200000000000004,370095595.0,333154343.40500003
214,000300.SH,20140519,2155.976,2124.708,2165.4210000000003,2096.514,2145.952,-30.809,-1.4357,199672222.0,173259199.61200002
215,000300.SH,20140512,2115.143,2180.0589999999997,2185.0460000000003,2105.7129999999997,2133.911,46.143,2.1624,245307560.0,200517466.645
216,000300.SH,20140505,2180.054,2151.388,2184.3320000000003,2120.595,2158.659,-2.189,-0.1014,273680136.0,226485497.215
217,000300.SH,20140428,2156.47,2134.413,2164.175,2131.232,2167.826,-32.857,-1.5157,142883628.0,122513825.25100002
218,000300.SH,20140421,2134.969,2184.0170000000003,2209.4539999999997,2132.695,2224.479,-37.231,-1.6737,270647706.0,241560989.04599997
219,000300.SH,20140414,2187.248,2261.411,2261.474,2186.755,2270.666,-2.053,-0.0904,275266043.0,253031497.44600004
220,000300.SH,20140331,2268.613,2143.717,2290.742,2141.151,2151.965,-5.66,-0.263,664390265.0,596955044.186
221,000300.SH,20140324,2146.305,2170.78,2191.491,2134.422,2158.798,17.756,0.8225,341972379.0,288068718.15500003
222,000300.SH,20140317,2176.554,2146.124,2186.731,2077.759,2122.8360000000002,20.202,0.9517,390806113.0,333188412.811
223,000300.SH,20140310,2143.038,2092.6079999999997,2149.436,2088.729,2168.3579999999997,-70.571,-3.2546,307944200.0,269730652.254
224,000300.SH,20140303,2097.7870000000003,2183.8579999999997,2189.39,2095.067,2178.971,11.399000000000001,0.5231,339176616.0,303635731.64
225,000300.SH,20140224,2190.37,2216.515,2225.209,2133.548,2264.294,-49.785,-2.1987,420075515.0,378160691.376
226,000300.SH,20140217,2214.509,2310.3089999999997,2331.698,2194.1639999999998,2295.575,16.072,0.7001,458426769.0,417728099.09300005
227,000300.SH,20140210,2311.647,2267.735,2315.5789999999997,2262.599,2212.4829999999997,55.051,2.4882,426954442.0,405013153.453
228,000300.SH,20140127,2267.534,2220.785,2270.194,2177.117,2245.678,-29.759,-1.3252,280649182.0,272373748.72400004
229,000300.SH,20140120,2215.919,2168.42,2257.355,2168.42,2178.488,-12.495,-0.5736,298805489.0,282188204.6
230,000300.SH,20140113,2165.993,2192.844,2227.262,2156.458,2204.851,-11.172,-0.5067,246144553.0,227809184.945
231,000300.SH,20140106,2193.679,2222.306,2262.584,2183.597,2290.779,-52.141999999999996,-2.2762,255381063.0,241351941.626
232,000300.SH,20131230,2238.637,2289.01,2333.074,2229.334,2303.478,-4.02,-0.1745,227908409.0,223757767.39400002
233,000300.SH,20131223,2299.458,2291.125,2316.621,2263.922,2278.136,6.466,0.2838,242905522.0,232333578.345
234,000300.SH,20131216,2284.6020000000003,2369.255,2373.286,2259.575,2406.639,-38.716,-1.6087,247379270.0,236407684.749
235,000300.SH,20131209,2367.923,2456.23,2466.66,2367.43,2452.2870000000003,-1.415,-0.0577,301247157.0,281218448.43
236,000300.SH,20131202,2450.8720000000003,2410.6929999999998,2486.64,2406.663,2438.944,-20.156,-0.8264,378093892.0,362306843.66700006
237,000300.SH,20131125,2418.788,2387.826,2464.863,2380.4120000000003,2397.962,-9.333,-0.3892,406599227.0,385760640.44
238,000300.SH,20131118,2388.629,2427.928,2435.427,2380.689,2350.734,78.169,3.3253,379792183.0,363710363.15800005
239,000300.SH,20131111,2428.903,2319.362,2429.5660000000003,2279.006,2307.945,7.944,0.3442,366273136.0,346680262.742
240,000300.SH,20131104,2315.889,2366.884,2385.688,2295.0029999999997,2384.96,-4.506,-0.1889,280210863.0,258546540.425
241,000300.SH,20131028,2380.4539999999997,2369.216,2408.616,2327.904,2368.5589999999997,-2.605,-0.11,396507146.0,344649995.35400003
242,000300.SH,20131021,2365.9539999999997,2470.255,2474.3720000000003,2351.862,2426.054,45.268,1.8659,386755539.0,354506261.60300004
243,000300.SH,20131014,2471.322,2475.324,2479.134,2407.777,2468.508,4.034,0.1634,394577229.0,378336458.565
244,000300.SH,20130930,2472.542,2406.415,2483.131,2392.572,2394.971,14.065999999999999,0.5873,444862419.0,440746967.655
245,000300.SH,20130923,2409.0370000000003,2470.715,2470.746,2379.856,2432.51,39.778,1.6353,400093701.0,397447103.33599997
246,000300.SH,20130916,2472.288,2480.81,2481.71,2407.243,2488.902,-10.512,-0.4224,250629093.0,243377120.376
247,000300.SH,20130909,2478.39,2446.4539999999997,2527.383,2435.826,2357.782,82.82700000000001,3.5129,683102472.0,594912793.477
248,000300.SH,20130902,2440.609,2326.231,2449.249,2321.304,2313.91,6.434,0.2781,445460907.0,391995497.475
249,000300.SH,20130826,2320.344,2332.8,2345.3579999999997,2297.449,2286.929,48.687,2.1289,388496686.0,353532686.377
250,000300.SH,20130819,2335.616,2325.862,2353.409,2251.92,2304.144,27.285999999999998,1.1842,322770009.0,302163368.411
251,000300.SH,20130812,2331.43,2352.883,2423.081,2284.077,2286.01,66.78399999999999,2.9214,409140404.0,373019642.176
252,000300.SH,20130805,2352.794,2270.672,2352.89,2256.715,2247.263,31.066,1.3824,362357253.0,347967222.98300004
253,000300.SH,20130729,2278.3289999999997,2184.007,2278.3289999999997,2162.979,2224.008,-48.038000000000004,-2.16,282357719.0,268658554.382
254,000300.SH,20130722,2175.97,2211.587,2276.742,2169.0170000000003,2190.478,11.710999999999999,0.5346,313718377.0,294354295.064
255,000300.SH,20130715,2202.189,2300.83,2326.925,2159.813,2275.373,31.924,1.403,314242474.0,292303948.649
256,000300.SH,20130708,2307.297,2160.699,2351.223,2149.7870000000003,2226.849,-63.23,-2.8394,392928372.0,356810505.797
257,000300.SH,20130701,2163.619,2211.803,2252.033,2162.189,2200.639,12.677999999999999,0.5761,316860285.0,294071694.089
258,000300.SH,20130624,2213.317,2146.053,2227.4610000000002,2023.171,2317.394,-146.184,-6.3081,399395615.0,333296690.551
259,000300.SH,20130617,2171.21,2413.0879999999997,2424.202,2164.325,2416.771,-12.932,-0.5351,303480716.0,281161880.09900004
260,000300.SH,20130603,2403.839,2600.499,2600.499,2375.2039999999997,2606.426,-3.803,-0.1459,401570677.0,396072899.96599996
261,000300.SH,20130527,2602.623,2600.632,2661.2290000000003,2585.901,2597.228,2.359,0.0908,355923190.0,368668794.74
262,000300.SH,20130520,2599.587,2607.393,2630.0679999999998,2572.884,2592.048,17.559,0.6774,355457930.0,364954736.295
263,000300.SH,20130513,2609.607,2525.998,2627.616,2479.8720000000003,2540.8360000000002,-10.068,-0.3962,338054510.0,358212379.20199996
264,000300.SH,20130506,2530.768,2519.364,2562.007,2507.756,2492.9120000000003,33.071,1.3266,277193957.0,290044173.316
265,000300.SH,20130422,2525.9829999999997,2532.201,2533.855,2423.077,2533.827,-3.157,-0.1246,401151162.0,402244292.68100005
266,000300.SH,20130415,2530.67,2419.508,2542.453,2416.617,2462.112,-25.294,-1.0273,280866243.0,286604923.56200004
267,000300.SH,20130408,2436.8179999999998,2477.29,2508.593,2430.149,2483.547,-11.248,-0.4529,229341707.0,234463696.76
268,000300.SH,20130401,2472.299,2495.843,2524.4629999999997,2429.5,2495.083,-1.896,-0.076,154545145.0,156043408.871
269,000300.SH,20130325,2493.187,2601.964,2611.939,2482.488,2618.308,-5.211,-0.19899999999999998,308196042.0,307900078.093
270,000300.SH,20130318,2613.097,2507.396,2641.6090000000004,2491.854,2539.873,-37.38,-1.4717,326698397.0,332401773.018
271,000300.SH,20130311,2502.493,2590.391,2619.512,2499.828,2606.927,-14.555,-0.5583,317156320.0,323452060.72
272,000300.SH,20130304,2592.3720000000003,2547.893,2658.969,2541.766,2668.836,-123.12100000000001,-4.6133,389949463.0,399419614.34400004
273,000300.SH,20130225,2545.715,2587.375,2680.8540000000003,2528.694,2596.604,8.356,0.3218,414115259.0,433149403.46199995
274,000300.SH,20130218,2604.96,2735.045,2740.739,2584.758,2771.725,-34.254,-1.2358,364670586.0,381230261.17200005
275,000300.SH,20130204,2737.4709999999995,2727.93,2791.303,2722.8740000000003,2743.324,4.704,0.1715,442756103.0,461574343.91200006
276,000300.SH,20130128,2748.028,2655.377,2768.5040000000004,2646.1540000000005,2571.674,80.189,3.1182,529474014.0,550841006.726
277,000300.SH,20130121,2651.863,2610.3920000000003,2663.4040000000005,2564.206,2595.439,15.459000000000001,0.5956,442545040.0,443420416.805
278,000300.SH,20130114,2610.8979999999997,2579.132,2611.201,2539.674,2483.23,94.495,3.8053,424146173.0,431430680.426
279,000300.SH,20130107,2577.725,2534.647,2583.625,2473.696,2524.409,11.575999999999999,0.4586,380947399.0,391520097.58599997
280,000300.SH,20121231,2535.985,2551.814,2558.529,2498.8920000000003,2480.049,42.903,1.7299,173156175.0,168746757.516
281,000300.SH,20121224,2522.952,2373.88,2522.952,2365.41,2372.002,9.215,0.3885,389517859.0,374813983.988
282,000300.SH,20121217,2381.217,2361.095,2414.223,2346.55,2355.865,10.835,0.4599,336534003.0,323981526.97599995
283,000300.SH,20121210,2366.7,2263.209,2380.001,2242.5570000000002,2246.757,24.289,1.0811,343398014.0,299871766.447
284,000300.SH,20121203,2271.0460000000003,2104.928,2276.28,2102.135,2139.661,-30.811,-1.44,316832930.0,269996228.847
285,000300.SH,20121126,2108.85,2168.589,2173.464,2108.149,2192.676,-17.077,-0.7788,168220383.0,137315032.729
286,000300.SH,20121119,2175.599,2180.205,2202.47,2151.38,2177.24,-2.255,-0.1036,130779938.0,120196427.59
287,000300.SH,20121112,2174.985,2250.842,2250.842,2149.538,2240.924,10.924000000000001,0.4875,146388097.0,129044939.084
288,000300.SH,20121105,2251.848,2301.98,2304.048,2232.742,2306.774,-4.894,-0.2122,173003158.0,148578795.444
289,000300.SH,20121029,2301.88,2236.3160000000003,2318.231,2231.776,2247.907,-12.052999999999999,-0.5362,201358309.0,174310155.56800002
290,000300.SH,20121022,2235.854,2340.89,2344.044,2227.646,2332.47,9.122,0.3911,187597092.0,157151501.01099998
291,000300.SH,20121015,2341.592,2293.244,2347.895,2280.8179999999998,2304.531,-9.674,-0.4198,186320206.0,175014636.92099997
292,000300.SH,20121008,2294.857,2281.7529999999997,2332.149,2278.4570000000003,2293.106,-23.052,-1.0053,202061671.0,184152081.431
293,000300.SH,20120924,2270.054,2209.975,2305.18,2181.083,2199.063,16.453,0.7482,201758794.0,188153864.778
294,000300.SH,20120917,2215.516,2249.425,2253.144,2172.879,2315.542,-56.836999999999996,-2.4546,185746460.0,168816493.92200002
295,000300.SH,20120910,2258.705,2316.532,2337.196,2258.1820000000002,2317.179,9.487,0.4094,248489634.0,227090721.365
296,000300.SH,20120903,2326.666,2231.716,2341.522,2186.962,2204.868,23.500999999999998,1.0659,261160714.0,238092975.678
297,000300.SH,20120827,2228.369,2226.8979999999997,2250.6,2188.724,2275.677,-47.473,-2.0861,162789151.0,150234536.815
298,000300.SH,20120820,2228.2039999999997,2301.9320000000002,2327.375,2228.151,2313.476,-11.687999999999999,-0.5052,167194636.0,168465485.121
299,000300.SH,20120813,2301.788,2352.659,2357.847,2279.946,2399.751,-47.82,-1.9927,149800897.0,155618029.562
300,000300.SH,20120806,2351.931,2383.257,2413.423,2350.808,2353.737,31.874000000000002,1.3542,191241432.0,211949569.30200002
301,000300.SH,20120730,2385.611,2336.882,2388.363,2325.6079999999997,2349.1079999999997,-13.315,-0.5668,166627180.0,167018897.11900002
302,000300.SH,20120723,2335.7929999999997,2353.22,2392.353,2333.999,2398.455,-33.024,-1.3769,148096050.0,151162253.32099998
303,000300.SH,20120716,2365.431,2391.897,2444.0570000000002,2357.507,2450.633,-50.902,-2.0771,192135292.0,200177525.696
304,000300.SH,20120709,2399.731,2411.0029999999997,2467.99,2399.61,2472.614,-56.578,-2.2882,209389113.0,231386917.625
305,000300.SH,20120702,2416.036,2464.85,2490.547,2414.953,2461.612,3.6260000000000003,0.1473,206705548.0,229992029.6
306,000300.SH,20120625,2465.238,2442.562,2473.966,2417.486,2512.185,-55.667,-2.2159,170789693.0,186380917.254
307,000300.SH,20120618,2456.518,2577.362,2577.362,2455.008,2568.054,13.158,0.5124,138054659.0,151705177.245
308,000300.SH,20120611,2581.212,2543.765,2593.218,2529.951,2524.3289999999997,33.936,1.3444,201678884.0,227603756.63000005
309,000300.SH,20120604,2558.265,2565.186,2584.0389999999998,2520.409,2632.998,-73.972,-2.8094,190433476.0,218010875.599
310,000300.SH,20120528,2559.026,2615.145,2658.255,2558.92,2573.103,41.586000000000006,1.6162,264768100.0,299991795.133
311,000300.SH,20120521,2614.689,2598.167,2635.78,2545.3360000000002,2573.976,13.255,0.515,224949405.0,251852681.011
312,000300.SH,20120514,2587.231,2597.644,2619.589,2563.973,2636.917,-21.383000000000003,-0.8109,214800148.0,239650125.813
313,000300.SH,20120507,2615.534,2717.408,2717.825,2613.349,2715.8790000000004,1.899,0.0699,261562326.0,307008222.966
314,000300.SH,20120423,2717.778,2594.801,2717.778,2559.464,2626.8390000000004,-20.801,-0.7919,512082008.0,575521623.641
315,000300.SH,20120416,2606.038,2572.364,2632.092,2541.535,2580.4539999999997,-6.41,-0.2484,263063301.0,279106212.141
316,000300.SH,20120409,2574.044,2490.283,2593.788,2459.348,2519.83,-24.684,-0.9796,234266967.0,251773502.43300003
317,000300.SH,20120326,2495.146,2565.551,2571.899,2429.732,2552.94,2.502,0.098,301180033.0,333617664.438
318,000300.SH,20120319,2555.442,2622.66,2622.66,2540.696,2623.52,6.492999999999999,0.2475,236188853.0,265222820.227
319,000300.SH,20120312,2630.013,2653.6809999999996,2705.7540000000004,2575.437,2664.302,-9.9,-0.3716,355134853.0,396808699.796
320,000300.SH,20120305,2654.402,2654.7990000000004,2666.4320000000002,2594.1279999999997,2679.934,-17.236,-0.6432,294531431.0,336885845.595
321,000300.SH,20120227,2662.698,2652.342,2694.612,2621.8579999999997,2648.0170000000003,8.556000000000001,0.3231,314378675.0,330567206.446
322,000300.SH,20120220,2656.573,2544.835,2693.843,2520.786,2537.0860000000002,3.62,0.1427,382162332.0,391520946.005
323,000300.SH,20120213,2540.706,2528.967,2574.746,2506.5370000000003,2533.624,-1.643,-0.0648,248063947.0,256518626.069
324,000300.SH,20120206,2531.981,2489.032,2560.027,2441.698,2506.09,-1.768,-0.0705,268655221.0,279523891.535
325,000300.SH,20120130,2504.322,2462.3379999999997,2520.758,2423.45,2504.0860000000002,-43.36600000000001,-1.7318,202813005.0,213621906.13900003
326,000300.SH,20120116,2460.72,2347.5679999999998,2510.34,2329.248,2394.334,-48.685,-2.0333,281760663.0,290005984.237
327,000300.SH,20120109,2345.649,2365.768,2464.3779999999997,2345.633,2290.601,77.969,3.4039,263023080.0,262352507.54099998
328,000300.SH,20111226,2368.57,2332.826,2368.889,2254.567,2359.159,-23.456999999999997,-0.9943,296199657.0,267612481.686
329,000300.SH,20111219,2335.702,2376.709,2412.572,2294.607,2390.129,-5.721,-0.2394,161681701.0,147674303.74899998
330,000300.SH,20111212,2384.408,2467.016,2472.656,2321.657,2503.4610000000002,-25.769000000000002,-1.0293,172000568.0,158286592.32700002
331,000300.SH,20111205,2477.692,2515.044,2549.101,2476.116,2557.311,-35.926,-1.4048,123267472.0,124266041.729
332,000300.SH,20111128,2521.385,2595.0860000000002,2630.664,2507.1839999999997,2569.973,3.3480000000000003,0.1303,200145866.0,209481787.551
333,000300.SH,20111121,2573.321,2592.229,2617.0879999999997,2557.695,2606.495,3.1919999999999997,0.1225,137500793.0,151428923.441
334,000300.SH,20111114,2609.687,2746.7729999999997,2754.0009999999997,2587.742,2695.002,55.193000000000005,2.048,203343369.0,218712457.83200002
335,000300.SH,20111107,2750.195,2745.059,2756.091,2685.1009999999997,2763.7459999999996,-27.498,-0.995,228963553.0,238200799.58100003
336,000300.SH,20111031,2736.248,2672.508,2781.99,2653.722,2709.0170000000003,-13.71,-0.5061,311722269.0,323160435.412
337,000300.SH,20111024,2695.3070000000002,2572.708,2729.139,2560.047,2507.877,68.792,2.7430000000000003,301936223.0,299901963.83500004
338,000300.SH,20111017,2576.669,2646.841,2651.732,2500.486,2653.782,13.169,0.4962,186521380.0,184125308.608
339,000300.SH,20111010,2666.9509999999996,2625.163,2687.1020000000003,2523.344,2581.351,-24.269000000000002,-0.9402,245896992.0,242292097.809
340,000300.SH,20110926,2557.0820000000003,2634.925,2660.099,2552.284,2669.478,-58.559,-2.1936,166661066.0,171732395.33200002
341,000300.SH,20110919,2610.919,2675.0429999999997,2778.353,2603.1079999999997,2733.987,-54.717,-2.0014,210662860.0,220643525.912
342,000300.SH,20110905,2679.27,2727.7490000000003,2796.3520000000003,2677.127,2803.8540000000003,-60.037,-2.1412,261848943.0,287276233.271
343,000300.SH,20110829,2743.817,2875.1440000000002,2901.7329999999997,2743.383,2901.216,-48.407,-1.6685,166687249.0,189334973.07700002
344,000300.SH,20110822,2852.809,2788.699,2907.3979999999997,2777.2870000000003,2807.664,-29.877,-1.0641,230010876.0,255779813.51600003
345,000300.SH,20110815,2777.7870000000003,2920.829,2932.14,2768.4179999999997,2875.365,42.518,1.4787,208379078.0,233752405.735
346,000300.SH,20110808,2917.883,2720.953,2917.883,2697.062,2897.417,-103.52,-3.5728,304572559.0,342047634.467
347,000300.SH,20110801,2793.897,2958.85,2983.012,2747.967,2972.079,5.642,0.1898,231467058.0,283299740.578
348,000300.SH,20110725,2977.7209999999995,2965.7209999999995,3002.691,2948.0759999999996,3067.985,-99.696,-3.2496,220225255.0,264546863.066
349,000300.SH,20110711,3122.6,3089.136,3137.922,3054.8,3109.183,4.023,0.1294,293778919.0,377115855.8
350,000300.SH,20110704,3113.206,3122.899,3140.102,3084.834,3049.745,72.235,2.3686,300332755.0,378070166.704
351,000300.SH,20110627,3121.98,3040.183,3124.582,2999.953,3027.47,9.021,0.298,308976335.0,381237143.424
352,000300.SH,20110620,3036.491,2883.354,3056.023,2877.054,2892.157,-17.261,-0.5968,276373853.0,332718466.855
353,000300.SH,20110613,2874.896,2947.655,3000.526,2862.408,2961.932,-11.584,-0.3911,220677661.0,264757650.936
354,000300.SH,20110530,2950.348,2958.607,3012.806,2921.746,2963.308,-8.802,-0.297,377614033.0,464933448.43799996
355,000300.SH,20110523,2954.506,3013.715,3030.988,2942.361,3121.596,-98.616,-3.1592,195344460.0,244902827.34299996
356,000300.SH,20110516,3022.98,3097.071,3154.935,3021.45,3128.093,-27.63,-0.8833,228326765.0,283368252.50200003
357,000300.SH,20110509,3100.463,3135.146,3164.65,3080.19,3121.396,8.363,0.2679,229511299.0,288137952.942
358,000300.SH,20110425,3129.759,3242.529,3257.8,3083.908,3299.942,-50.368,-1.5263,515935871.0,632380551.4549999
359,000300.SH,20110418,3249.574,3334.912,3334.912,3247.691,3358.944,0.494,0.0147,372283959.0,476759466.972
360,000300.SH,20110411,3359.438,3324.754,3378.703,3296.507,3353.358,-19.931,-0.5944,443044583.0,544772818.901
361,000300.SH,20110328,3333.427,3288.564,3380.527,3210.174,3294.484,-3.913,-0.1188,680070294.0,914469308.2260001
362,000300.SH,20110321,3290.571,3217.8,3328.07,3175.93,3215.685,-8.575,-0.2667,375210792.0,527660572.2989999
363,000300.SH,20110314,3207.11,3250.595,3250.878,3147.957,3247.376,15.544,0.4787,381025811.0,529676077.589
364,000300.SH,20110307,3262.92,3335.71,3355.487,3230.114,3270.666,63.844,1.952,372015776.0,552233812.106
365,000300.SH,20110228,3334.51,3241.714,3337.466,3202.833,3197.617,41.942,1.3117,468898704.0,646659143.923
366,000300.SH,20110221,3239.559,3267.615,3269.048,3145.986,3211.876,46.032,1.4332,383925426.0,537274183.421
367,000300.SH,20110214,3257.908,3223.222,3265.257,3189.848,3120.956,98.187,3.1461,444631876.0,613655752.6800001
368,000300.SH,20110131,3219.143,3083.493,3227.432,3024.349,3036.735,39.773,1.3097,374138221.0,485779209.963
369,000300.SH,20110124,3076.508,2949.647,3076.547,2919.162,2983.456,-29.224,-0.9795,305063090.0,367607114.622
370,000300.SH,20110117,2954.232,2965.424,3045.605,2935.138,3091.862,-117.512,-3.8007,299158660.0,364827786.957
371,000300.SH,20110110,2974.35,3096.249,3157.036,2968.61,3166.624,-58.437,-1.8454,287580424.0,369775875.759
372,000300.SH,20101227,3108.187,3084.823,3209.9,3025.22,3162.955,-63.246,-1.9996,592314012.0,835124324.449
373,000300.SH,20101220,3099.709,3184.7,3263.45,3092.263,3225.661,-47.004,-1.4572,336259399.0,468045798.961
374,000300.SH,20101213,3178.657,3270.201,3282.772,3117.998,3161.977,99.084,3.1336,332852491.0,472203525.084
375,000300.SH,20101206,3261.061,3152.733,3261.344,3101.083,3158.156,7.414,0.2348,336974125.0,465920905.436
376,000300.SH,20101129,3165.57,3187.529,3205.782,3060.438,3194.853,-4.803,-0.1503,302506915.0,431239731.452
377,000300.SH,20101122,3190.05,3156.478,3227.054,3061.623,3178.846,-6.905,-0.2172,359636484.0,514943644.556
378,000300.SH,20101115,3171.941,3311.616,3311.616,3076.213,3291.833,23.06,0.7005,423822874.0,596711412.859
379,000300.SH,20101108,3314.893,3547.44,3557.987,3241.758,3520.798,27.768,0.7887,644558918.0,924519928.3920001
380,000300.SH,20101101,3548.566,3484.232,3554.47,3419.08,3379.983,93.012,2.7518,662229020.0,948186575.361
381,000300.SH,20101025,3472.995,3491.474,3499.817,3351.601,3378.655,102.426,3.0316,591476143.0,855679019.679
382,000300.SH,20101018,3481.081,3300.517,3481.347,3279.999,3327.683,-21.523,-0.6468,682648458.0,948207707.955
383,000300.SH,20101011,3306.16,3121.636,3390.015,3106.224,3044.233,88.662,2.9125,862877507.0,1114848064.9420002
384,000300.SH,20100927,3132.895,2900.536,3154.204,2857.418,2857.476,47.553,1.6642,437172933.0,583679200.335
385,000300.SH,20100920,2905.029,2859.43,2905.526,2844.125,2861.369,-11.541,-0.4033,84823704.0,107353559.43200001
386,000300.SH,20100913,2849.828,2971.547,2984.466,2829.757,2932.554,29.765,1.015,318021800.0,377898074.111
387,000300.SH,20100906,2962.319,2979.298,2991.435,2890.035,2920.205,54.885,1.8795,360153521.0,452676695.90000004
388,000300.SH,20100830,2975.09,2905.154,2980.424,2859.166,2858.566,56.444,1.9746,379939241.0,455022323.162
389,000300.SH,20100823,2915.01,2892.129,2933.118,2833.422,2898.333,-2.141,-0.0739,279914323.0,307988699.824
390,000300.SH,20100816,2896.192,2927.258,2975.188,2886.659,2855.547,66.536,2.3301,344704200.0,399338450.499
391,000300.SH,20100809,2922.083,2920.404,2927.688,2799.221,2897.659,20.582,0.7103,332883158.0,363246870.49
392,000300.SH,20100802,2918.241,2925.254,2929.614,2818.248,2868.846,48.429,1.6881,369865270.0,401156307.724
393,000300.SH,20100726,2917.275,2803.755,2922.612,2784.155,2793.076,17.979,0.6437,360070138.0,371552618.513
394,000300.SH,20100719,2811.055,2685.459,2811.953,2685.459,2616.128,66.344,2.536,323048834.0,348541744.67999995
395,000300.SH,20100712,2682.472,2649.658,2691.937,2573.794,2647.104,29.114,1.0998,219289197.0,231315378.63500002
396,000300.SH,20100705,2676.218,2504.869,2689.809,2502.931,2534.105,-21.454,-0.8466,226448173.0,236317824.84399998
397,000300.SH,20100628,2512.651,2717.465,2724.231,2462.202,2736.287,-19.51,-0.713,194407666.0,193213936.786
398,000300.SH,20100621,2716.777,2772.886,2795.323,2710.087,2696.166,84.497,3.134,162298910.0,186427761.788
399,000300.SH,20100607,2780.663,2694.106,2787.825,2672.058,2744.391,-48.676,-1.7737,308496816.0,365929683.072
400,000300.SH,20100531,2695.715,2755.284,2787.512,2673.342,2850.302,-77.038,-2.7028,196313988.0,233659472.996
401,000300.SH,20100524,2773.264,2851.256,2893.687,2771.586,2768.791,104.678,3.7806,246223943.0,302755673.839
402,000300.SH,20100517,2873.469,2711.407,2886.368,2647.597,2868.023,-153.308,-5.3454,271238416.0,323544253.692
403,000300.SH,20100510,2714.715,2916.335,2922.125,2712.444,2836.789,21.444,0.7559,261177105.0,323645996.127
404,000300.SH,20100426,2858.233,3163.101,3163.101,2798.523,3190.003,-18.006,-0.5645,485048868.0,656937934.7060001
405,000300.SH,20100419,3171.997,3176.414,3237.537,3130.96,3356.332,-179.909,-5.3603,314294756.0,447424520.83599997
406,000300.SH,20100412,3176.423,3350.726,3412.937,3175.441,3379.17,-27.692,-0.8195,336822179.0,482019712.28000003
407,000300.SH,20100329,3351.478,3361.353,3436.29,3330.3,3275.002,83.538,2.5508,553641365.0,783828290.012
408,000300.SH,20100322,3358.54,3305.554,3363.605,3220.594,3293.871,8.757,0.2659,268241662.0,351000408.92
409,000300.SH,20100315,3302.628,3183.775,3313.922,3169.098,3233.126,-49.943,-1.5447,219098376.0,294374159.56200004
410,000300.SH,20100308,3183.183,3285.62,3322.506,3171.803,3259.764,26.414,0.8103,225909967.0,299295494.799
411,000300.SH,20100301,3286.178,3327.103,3345.909,3239.677,3281.666,42.757,1.3029,274173930.0,358446772.57199997
412,000300.SH,20100222,3324.423,3225.393,3330.378,3152.934,3251.278,-17.933,-0.5516,272930760.0,367663331.066
413,000300.SH,20100208,3233.345,3147.761,3261.949,3144.478,3153.087,-2.099,-0.0666,178306114.0,237059072.217
414,000300.SH,20100201,3150.988,3170.778,3242.519,3094.568,3204.155,-51.448,-1.6057,270363449.0,352916776.93499994
415,000300.SH,20100125,3152.707,3328.113,3341.198,3116.439,3366.197,-38.183,-1.1343,268698334.0,360208717.22999996
416,000300.SH,20100118,3328.014,3506.806,3528.39,3293.194,3482.738,17.946,0.5153,383756021.0,532340739.809
417,000300.SH,20100111,3500.684,3477.842,3535.407,3411.812,3480.13,1.922,0.0552,444951840.0,633959105.3429999
418,000300.SH,20100104,3482.052,3545.186,3594.528,3426.698,3575.684,-40.455,-1.1314,395403228.0,594089559.89
419,000300.SH,20091228,3535.229,3481.903,3597.748,3451.177,3424.783,53.65,1.5665,279308105.0,394162115.942
420,000300.SH,20091221,3478.433,3402.228,3489.574,3296.292,3391.735,4.887,0.1441,268674978.0,385926236.387
421,000300.SH,20091214,3396.622,3594.51,3620.322,3354.652,3575.02,37.733,1.0555,303877426.0,425074641.71
422,000300.SH,20091207,3612.753,3670.807,3671.042,3495.639,3643.491,25.341,0.6955,347362042.0,484718891.612
423,000300.SH,20091130,3668.832,3507.559,3672.798,3485.524,3382.51,129.159,3.8184,514905691.0,726330182.874
424,000300.SH,20091123,3511.669,3680.746,3698.129,3367.293,3631.013,34.496,0.95,563761559.0,784715626.501
425,000300.SH,20091116,3665.509,3644.962,3666.27,3597.306,3518.722,107.076,3.043,470299438.0,642943585.545
426,000300.SH,20091109,3625.798,3520.395,3625.887,3445.36,3483.021,12.767,0.3665,451257463.0,616038939.93
427,000300.SH,20091102,3495.788,3402.528,3506.027,3397.255,3280.372,112.431,3.4274,420745374.0,570309635.65
428,000300.SH,20091026,3392.803,3384.294,3394.724,3198.309,3413.252,0.987,0.0289,340737974.0,470778150.13199997
429,000300.SH,20091019,3414.239,3355.358,3436.391,3341.415,3241.709,87.449,2.6976,389019754.0,552642018.9289999
430,000300.SH,20091012,3329.158,3144.022,3330.789,3140.498,3163.708,-12.076,-0.3817,325573232.0,457885816.22900003
431,000300.SH,20090928,3151.632,2975.531,3193.59,2923.926,3058.528,-85.885,-2.8081,203949876.0,269102016.48399997
432,000300.SH,20090921,2972.643,3196.009,3237.217,2959.744,3199.689,8.915,0.2786,292329763.0,392900830.464
433,000300.SH,20090914,3208.604,3298.81,3330.432,3090.607,3238.133,55.261,1.7066,439960440.0,596696136.2509999
434,000300.SH,20090907,3293.394,3084.199,3298.905,3047.3,3077.142,27.066,0.8796,409806339.0,567304629.153
435,000300.SH,20090831,3104.208,2804.584,3153.227,2795.486,3046.781,-216.51,-7.1062,394311594.0,512852653.679
436,000300.SH,20090824,2830.271,3210.851,3212.27,2825.767,3203.624,25.976,0.8108,428227001.0,556198791.07
437,000300.SH,20090817,3229.6,3110.708,3241.524,2982.222,3344.462,-204.191,-6.1053,405497144.0,537945045.834
438,000300.SH,20090810,3140.271,3558.645,3569.15,3137.477,3555.095,-10.556,-0.2969,424086912.0,598586913.2360001
439,000300.SH,20090803,3544.539,3803.061,3803.061,3485.364,3734.622,52.411,1.4034,578028149.0,852773675.132
440,000300.SH,20090727,3787.033,3745.549,3789.935,3453.641,3667.556,76.07,2.0741,717298623.0,1005406256.2490001
441,000300.SH,20090720,3743.626,3603.402,3744.242,3532.384,3519.809,71.314,2.0261,629008508.0,897822147.4990001
442,000300.SH,20090713,3591.123,3375.873,3594.872,3375.873,3398.31,-37.299,-1.0976,613334999.0,834835418.927
443,000300.SH,20090706,3361.011,3368.33,3428.029,3261.32,3327.135,47.618,1.4312,562344477.0,729050061.554
444,000300.SH,20090629,3374.753,3191.641,3378.055,3150.654,3128.421,51.551,1.6478,537718847.0,719740115.857
445,000300.SH,20090622,3179.972,3036.404,3182.415,3028.454,3080.001,2.562,0.0832,459235917.0,563435248.268
446,000300.SH,20090615,3082.563,2936.508,3116.155,2929.041,2906.286,59.906,2.0613,450224328.0,554770611.7210001
447,000300.SH,20090608,2966.192,2948.949,3000.857,2883.318,2939.306,9.172,0.312,435315079.0,511918393.023
448,000300.SH,20090601,2948.478,2878.528,2978.233,2855.059,2759.712,98.63,3.5739,555132107.0,661396025.738
449,000300.SH,20090525,2858.342,2757.31,2864.471,2715.823,2740.677,12.039,0.4393,248857540.0,300464919.854
450,000300.SH,20090518,2752.716,2836.337,2849.635,2675.285,2796.116,14.457,0.517,406768909.0,490021196.019
451,000300.SH,20090511,2810.573,2702.742,2822.711,2699.954,2789.219,-63.903,-2.2911,418215344.0,476667643.51
452,000300.SH,20090504,2725.316,2733.107,2839.609,2713.234,2622.926,91.375,3.4837,562310973.0,629168713.6400001
453,000300.SH,20090427,2714.301,2490.526,2715.189,2485.802,2572.888,-59.596,-2.3163,329875902.0,367999076.197
454,000300.SH,20090420,2513.292,2670.277,2713.305,2499.442,2650.691,56.976,2.1495,458519966.0,492212100.799
455,000300.SH,20090413,2707.667,2651.197,2708.452,2627.808,2595.53,60.988,2.3497,552318711.0,613302064.087
456,000300.SH,20090330,2656.518,2436.778,2668.282,2423.571,2498.931,-14.444,-0.578,983735402.0,1081119844.9259999
457,000300.SH,20090323,2484.487,2477.567,2516.384,2379.951,2379.838,59.557,2.5026,550579848.0,579191922.211
458,000300.SH,20090316,2439.395,2244.11,2448.351,2239.668,2205.422,36.192,1.641,517879152.0,541577253.614
459,000300.SH,20090309,2241.614,2175.306,2292.396,2156.598,2286.576,-84.049,-3.6758,286056184.0,282255673.871
460,000300.SH,20090302,2202.527,2109.841,2340.371,2100.644,2140.489,24.177,1.1295,481426092.0,468102600.444
461,000300.SH,20090223,2164.666,2376.697,2411.906,2112.336,2344.32,66.161,2.8222,486918064.0,479020022.89
462,000300.SH,20090216,2410.481,2460.569,2470.623,2259.593,2399.065,63.18,2.6335,543388453.0,533452824.04800004
463,000300.SH,20090209,2462.245,2288.071,2462.389,2248.484,2237.28,59.392,2.6547,676453982.0,650381374.222
464,000300.SH,20090202,2296.672,2056.795,2307.907,2049.889,2032.682,24.381,1.1994,539817426.0,479985555.44
465,000300.SH,20090119,2057.063,2006.525,2059.338,1986.061,1990.214,22.251,1.118,285196652.0,255007821.759
466,000300.SH,20090112,2012.465,1892.655,2052.19,1873.626,1918.365,2.322,0.121,366531826.0,314508411.209
467,000300.SH,20090105,1920.687,1880.672,1959.246,1873.011,1817.722,65.237,3.5889,285764126.0,245109095.388
468,000300.SH,20081229,1882.959,1852.949,1882.959,1813.726,1862.096,-7.339,-0.3941,121403002.0,96137497.821
469,000300.SH,20081222,1854.757,2019.231,2019.231,1816.059,2052.114,-34.565,-1.6844,218256890.0,173708167.098
470,000300.SH,20081215,2017.549,1956.995,2075.384,1919.869,1960.38,14.654,0.7475,281299943.0,233381434.524
471,000300.SH,20081208,1975.034,2104.124,2107.599,1936.28,2013.175,81.861,4.0663,367175474.0,307698770.937
472,000300.SH,20081201,2095.036,1821.543,2095.465,1814.903,1829.924,34.281,1.8734,447526277.0,363252157.46500003
473,000300.SH,20081124,1864.205,1870.055,1969.024,1799.839,1920.735,-83.093,-4.3261,276365540.0,220000986.50299996
474,000300.SH,20081117,1837.642,1974.378,1994.82,1823.273,1943.654,43.571,2.2417,396193645.0,313841799.981
475,000300.SH,20081110,1987.225,1795.301,1987.225,1754.288,1677.827,123.838,7.3809,372400706.0,292985592.33800006
476,000300.SH,20081103,1801.665,1646.201,1803.119,1606.731,1663.66,-10.118,-0.6082,194773003.0,142974978.695
477,000300.SH,20081027,1653.542,1614.616,1731.256,1607.674,1781.598,-126.927,-7.1243,180642215.0,140621858.641
478,000300.SH,20081020,1654.671,1901.244,1928.194,1652.792,1833.262,63.471,3.4622,177058136.0,144199164.93800002
479,000300.SH,20081013,1896.733,2054.408,2060.488,1802.095,1906.96,78.526,4.1179,188746564.0,159477739.43300003
480,000300.SH,20081006,1985.486,2043.923,2136.124,1841.533,2243.657,-114.961,-5.1238,196212049.0,178492711.34
481,000300.SH,20080922,2128.696,2141.6,2257.161,2050.967,2073.113,134.501,6.4879,302936916.0,282804030.918
482,000300.SH,20080908,2207.614,2135.223,2258.424,1804.77,2183.432,-56.914,-2.6066,333820986.0,297241198.571
483,000300.SH,20080901,2126.518,2292.686,2309.206,2119.124,2391.64,-82.469,-3.4482,105015786.0,101083933.194
484,000300.SH,20080825,2309.171,2370.528,2418.051,2291.35,2404.928,-4.38,-0.1821,118035460.0,117939740.328
485,000300.SH,20080818,2400.548,2285.515,2535.862,2273.893,2447.615,-134.213,-5.4834,146979992.0,147772379.298
486,000300.SH,20080811,2313.402,2431.383,2479.151,2312.951,2591.462,-134.651,-5.1959,115946258.0,117056230.14999999
487,000300.SH,20080804,2456.811,2780.761,2792.742,2442.794,2840.788,-67.638,-2.381,144258483.0,159248654.787
488,000300.SH,20080728,2773.15,2921.248,2949.943,2748.755,2939.202,21.649,0.7366,150601856.0,174783825.724
489,000300.SH,20080721,2960.851,2905.276,2997.604,2879.185,2815.462,95.589,3.3951,206054595.0,249782426.784
490,000300.SH,20080714,2911.051,2987.061,2997.666,2690.069,2953.498,22.376,0.7576,204706188.0,242685310.15899998
491,000300.SH,20080707,2975.874,2900.571,3056.905,2841.073,2741.852,140.911,5.1393,264116744.0,330382863.934
492,000300.SH,20080630,2882.763,2799.195,2890.985,2617.258,2816.021,-24.202,-0.8594,193065289.0,239825316.193
493,000300.SH,20080623,2791.819,2775.69,3010.278,2747.614,2849.668,-59.727,-2.0959,182998991.0,223840954.44
494,000300.SH,20080616,2789.941,2950.399,3007.18,2691.868,2979.117,-26.875,-0.9021,183650310.0,227764771.41999996
495,000300.SH,20080602,2952.242,3624.572,3641.429,2900.075,3611.33,14.496,0.4014,255033738.0,354782647.245
496,000300.SH,20080526,3625.826,3549.986,3697.996,3533.466,3675.147,-115.93,-3.1544,142064552.0,225293654.45199996
497,000300.SH,20080519,3559.217,3911.096,3946.441,3555.762,3936.121,-22.049,-0.5602,185662129.0,298087494.042
498,000300.SH,20080512,3914.072,3786.534,4038.852,3778.718,3878.924,25.996,0.6702,221149221.0,362909089.005
499,000300.SH,20080505,3904.92,4021.073,4075.575,3761.28,3959.119,96.66,2.4415,256011243.0,460572172.35800004
500,000300.SH,20080428,4055.779,3704.927,4061.472,3702.021,3803.07,-73.916,-1.9436,176984290.0,312537433.423
501,000300.SH,20080421,3729.154,3207.881,3915.841,3122.39,3272.499,-4.945,-0.1511,307031144.0,496988609.535
502,000300.SH,20080414,3267.554,3513.068,3583.861,3223.886,3783.728,-247.401,-6.5386,155966093.0,244756600.31
503,000300.SH,20080407,3536.327,3852.011,3935.333,3525.185,3650.698,195.124,5.3448,171625122.0,287250352.047
504,000300.SH,20080331,3845.822,3776.268,3854.068,3457.617,3918.156,-127.626,-3.2573,151543821.0,253824666.889
505,000300.SH,20080324,3790.53,3780.459,4001.552,3661.381,4037.83,-180.739,-4.4761,163820912.0,289362578.139
506,000300.SH,20080317,3857.091,3924.87,4103.574,3658.04,4157.871,-192.592,-4.632,197092773.0,348644760.896
507,000300.SH,20080310,3965.279,4393.282,4553.336,3958.292,4621.685,-190.096,-4.1131,139482389.0,271756747.693
508,000300.SH,20080303,4431.589,4813.401,4836.657,4406.232,4674.55,116.194,2.4857,189421338.0,369447728.298
509,000300.SH,20080225,4790.744,4637.6,4803.9,4394.594,4702.241,-182.458,-3.8802,150876223.0,305229986.726
510,000300.SH,20080218,4519.783,4926.839,5062.261,4510.695,4813.311,97.681,2.0294,180708931.0,369554748.93799996
511,000300.SH,20080204,4910.992,4942.875,4995.574,4742.101,4571.945,378.179,8.2717,128962483.0,263194012.234
512,000300.SH,20080128,4950.124,4742.901,4951.248,4414.119,5077.429,-345.546,-6.8055,170092485.0,348173371.547
513,000300.SH,20080121,4731.883,5015.428,5121.408,4708.388,5414.468,-268.734,-4.9633,261722455.0,533345364.37
514,000300.SH,20080114,5145.734,5743.431,5754.107,5122.463,5699.147,32.61,0.5722,260344632.0,578981466.663
515,000300.SH,20080107,5731.757,5575.95,5756.919,5485.234,5483.65,72.943,1.3302,281939355.0,632258245.406
516,000300.SH,20071224,5556.593,5217.558,5569.152,5180.587,5101.852,105.282,2.0636,393694670.0,844227628.844
517,000300.SH,20071217,5207.134,4827.26,5239.217,4799.004,4977.652,-120.363,-2.4181,173923312.0,345274270.528
518,000300.SH,20071210,4857.289,5162.088,5181.406,4800.238,5041.35,92.212,1.8291,184976745.0,381010991.322
519,000300.SH,20071203,5133.562,4786.641,5138.685,4786.641,4737.408,35.266,0.7444,148103262.0,285732038.776
520,000300.SH,20071126,4772.674,4759.006,4847.576,4619.514,4856.161,-56.079,-1.1548,131881828.0,263996244.90500003
521,000300.SH,20071119,4800.082,4964.564,5135.247,4711.792,5007.662,-13.246,-0.2645,130642133.0,262910869.276
522,000300.SH,20071112,4994.416,5024.521,5170.968,4866.156,5040.525,-62.273,-1.2354,152712177.0,310822766.18
523,000300.SH,20071105,4978.252,5331.31,5406.105,4795.431,5472.93,-112.625,-2.0579,166171844.0,332979180.578
524,000300.SH,20071029,5360.305,5529.965,5702.211,5333.382,5394.807,113.55,2.1048,213120387.0,447714295.63299996
525,000300.SH,20071022,5508.357,5467.832,5644.973,5266.372,5614.06,-141.383,-2.5184,208509686.0,442992606.88400006
526,000300.SH,20071015,5472.677,5851.538,5891.723,5465.854,5737.221,84.226,1.4681,236491403.0,509617497.031
527,000300.SH,20071008,5821.447,5638.633,5824.976,5485.564,5580.813,72.323,1.2959,331452221.0,689169889.354
528,000300.SH,20070924,5653.136,5524.016,5715.907,5338.044,5468.098,45.797,0.8375,233220765.0,484075523.915
529,000300.SH,20070917,5513.895,5524.099,5541.134,5357.504,5397.278,101.63,1.883,299505184.0,601925942.433
530,000300.SH,20070910,5498.908,5384.559,5504.771,5059.464,5294.795,82.427,1.5568,319824630.0,610099732.903
531,000300.SH,20070903,5377.222,5421.254,5448.84,5182.101,5296.813,122.356,2.31,360282860.0,661707793.2019999
532,000300.SH,20070827,5419.169,5220.639,5433.745,5136.614,5217.581,25.566,0.49,364924258.0,675698221.5780001
533,000300.SH,20070820,5243.147,4915.524,5296.571,4887.139,4626.583,258.844,5.5947,372922729.0,686419471.788
534,000300.SH,20070813,4885.427,4721.446,4885.835,4616.966,4726.683,-5.491,-0.1162,319683456.0,556479017.543
535,000300.SH,20070806,4721.192,4715.389,4779.143,4579.404,4598.379,105.605,2.2966,405586968.0,668093884.371
536,000300.SH,20070730,4703.984,4402.518,4704.188,4271.055,4307.143,103.154,2.395,367978989.0,634014316.8629999
537,000300.SH,20070723,4410.297,4187.327,4426.307,4143.588,3971.884,184.839,4.6537,346641436.0,544776821.752
538,000300.SH,20070716,4156.723,3684.335,4157.392,3650.253,3820.124,-122.158,-3.1977,249335447.0,372734938.4710001
539,000300.SH,20070709,3697.966,3832.756,3852.933,3697.217,3710.283,111.019,2.9922,173729993.0,257763361.921
540,000300.SH,20070702,3821.302,3782.778,3848.076,3475.271,3764.078,-6.423,-0.1706,233307994.0,340433177.79
541,000300.SH,20070625,3757.655,3804.413,4067.811,3644.187,4051.426,-173.836,-4.2907,299701794.0,448894860.86700004
542,000300.SH,20070618,3877.59,4227.592,4292.198,3850.84,4099.381,128.188,3.127,391726375.0,634547498.498
543,000300.SH,20070611,4227.569,3953.959,4246.4,3834.018,3837.867,93.995,2.4491,452104412.0,708886108.951
544,000300.SH,20070604,3931.862,3406.999,3937.793,3246.733,3803.954,-292.523,-7.69,483967148.0,701101720.438
545,000300.SH,20070528,3511.431,4090.903,4168.529,3503.939,3985.252,87.326,2.1912,582553573.0,908744037.8719999
546,000300.SH,20070521,4072.578,3849.043,4091.935,3849.043,3776.629,54.814,1.4514,531414085.0,815214046.916
547,000300.SH,20070514,3831.443,3739.049,3843.837,3557.198,3702.612,31.808,0.8591,450961862.0,666244663.612
548,000300.SH,20070430,3734.42,3643.813,3769.159,3556.615,3470.523,88.186,2.541,542916822.0,766827750.368
549,000300.SH,20070423,3558.709,3462.48,3568.684,3376.084,3289.282,142.036,4.3181,469222865.0,638112697.255
550,000300.SH,20070416,3431.318,3273.43,3433.519,3065.282,3169.233,86.765,2.7377,526432681.0,663099912.5849999
551,000300.SH,20070409,3255.998,3053.355,3256.566,2993.114,2972.008,66.164,2.2262,483675519.0,604790206.327
552,000300.SH,20070402,3038.172,2861.898,3043.06,2852.571,2781.784,68.323,2.4561,396664177.0,460011888.281
553,000300.SH,20070326,2850.107,2770.348,2850.152,2689.114,2716.266,47.768,1.7586,431700925.0,452615389.941
554,000300.SH,20070319,2764.034,2669.635,2764.398,2645.25,2604.226,55.187,2.1191,359157449.0,370247667.378
555,000300.SH,20070312,2659.413,2620.715,2674.798,2523.302,2611.393,4.779,0.183,347834901.0,339630595.29899997
556,000300.SH,20070305,2616.172,2467.741,2643.809,2452.142,2508.729,-33.123,-1.3203,300620908.0,290163418.05300003
557,000300.SH,20070226,2475.606,2717.812,2719.519,2409.715,2676.735,30.941,1.1559,399183326.0,369844433.953
558,000300.SH,20070212,2707.676,2498.345,2717.57,2489.66,2397.245,88.147,3.677,336377815.0,316685010.31299996
559,000300.SH,20070205,2485.392,2271.372,2485.759,2198.901,2298.003,-26.206,-1.1404,310281430.0,288789721.05
560,000300.SH,20070129,2271.797,2586.523,2599.452,2247.929,2512.922,63.995,2.5466,331163420.0,298901269.034
561,000300.SH,20070122,2576.917,2508.265,2582.405,2356.982,2396.093,95.22,3.974,431932557.0,403152621.674
562,000300.SH,20070115,2491.313,2310.963,2491.711,2240.214,2173.747,113.595,5.2258,421255415.0,373156670.47800004
563,000300.SH,20070108,2287.342,2137.485,2289.95,2128.064,2072.883,58.673,2.8305,395687973.0,321795113.40999997
